user,followers,following
PapaSaan,129,73
Higurashi2367,97,45
avidnessss,153,60
fannie_music,0,165
jarsofstars,67,67
bee_tee,135,35
MarcyPolanco,140,35
Scott_Ember,140,75
easuncion,100,45
hayleythurman,0,35
YokisToquis,110,45
InfernoJJ,148,90
kvandenhoek,106,56
dahlshouse,212,96
careoh,180,53
srikanth2961,85,35
KVHightower,170,92
PZCherokee,75,43
celloismistic,75,53
marycrap,0,35
killer_queen_kl,140,49
kraterface71,100,45
courtney_weldon,0,60
cori_09,121,75
dearbailey,79,53
Mwissa,210,35
kilionaACU,211,45
Xtrip,70,35
hanaramirez,71,45
narick29,92,84
apreddy,158,60
CutieCrissi17,80,83
doris12,176,93
dodiesrock,0,45
DavidGrauman,136,89
eyetease,150,60
ltcnunez,174,35
Suprbadgurl85,103,35
LarryOsborne,79,35
joierawr,0,35
scratchback2001,0,35
LeilaRogers,66,42
Kanne0729,155,75
waffles93,0,75
J_Rod709,165,77
Virginia83,140,49
MARCUSdH,250,85
p_communiceert,70,35
thamzzhie,56,45
KGM28,235,114
Deryos,60,60
Jeremy_Rees,225,58
Shonaa_x,340,79
smilebabeee,204,110
nkavassalis,0,35
bclind,114,35
amorae,121,57
sisterofmark,100,115
agberben,114,56
AtTheM1L1N,103,100
Godsmercy86,0,35
Sh3ilaMari389,129,60
ShyeLynn_15,150,50
cait_williamson,92,35
khanoome_irooni,90,35
ls0812,66,35
Angie_su,108,56
willlane56,50,50
chrissy_dt,90,35
princessnareh,79,43
wallflowerz,87,60
Cassiedog,0,35
poetry_lady,40,39
CamiColombo,95,75
vanessaysc,0,60
maliksb00,85,84
Lousheila,100,35
gol10dr,0,60
KiraKiraStudio,120,87
MSSHAD_E,70,35
weeze04,157,91
ExBabiix3,100,85
GoinBarefoot,69,60
savi24,113,86
mikeri0506,291,89
KelBrett,136,35
djfreeksh0w,140,45
cruijff,105,71
TaylorWayland,66,35
lemonseal,52,35
i_love_adam,150,90
NoraLena,140,89
LessThanMikayla,70,52
iKeitho,120,35
gibbs831,120,87
omgxitstrish,146,60
Natalioth,0,60
rhi1978,60,41
smalltowngirl85,53,35
ccloren,59,35
Amzz86,111,35
il0veLA_steph,68,67
clarissakirby,117,87
roguestates,99999999,75
pseudo_mafia,0,35
ratattak,150,35
bearynice5,120,45
meggy1987,320,67
Habibti812,92,54
xxrainbowianxx,70,35
Court65ney08Ann,60,35
Swoda11201,63,51
kcofficial,65,90
kkube,94,45
jenniferwages,141,49
kietzeruth,66,35
TiffTaylorScott,59,90
TKFELICITY,60,35
NathanButlig,150,75
_HelloYellow_,154,35
bombayduckling,0,90
jezebelcapture,113,35
lumahsan,219,82
princessab11,185,35
MiniCoster,77,53
littlemissnicky,83,45
swngcoastguard,65,35
bluephuz,165,77
XtremeOutlaw,89,54
Komakinoo,70,52
Kirle,200,95
PlexShaw,139,74
XxGGirl14xX,300,75
zarnasurti,120,47
garethhoey,80,75
rhynofive,113,71
Katejck,180,63
thatchickleeann,50,60
SilverWlf,133,88
laurenkel83,45,35
CaseyMGeorge,118,60
pipstomatoes,251,75
miisz_BuNz,130,88
Umesh_Kadam,0,45
g_racee,0,75
lauzsnores,148,50
Coach723,60,81
dmoneeey,63,41
SpecialKradio,73,42
lolz03,193,109
lanalaaane,115,47
ayotaylo,0,45
seanlynchh,0,60
Angryface375,51,35
LarkBea,0,35
icanhaznetworm,90,54
sukiyatoiukara,62,35
cinthia_campos,115,35
crystal_irving,80,35
uufunnybunny,178,53
liddomissval,0,35
fckafish,99,60
devil697,122,57
KatieFranzone,109,35
Chris2theChin,75,35
dimple23,67,35
lessallan,170,62
MonnyJBRocks,80,43
JohnDaniel102,80,43
xoxocarrixoxo,50,65
BLAINE2006,138,35
georgecovertiv,187,54
bitta_sweet,83,35
conniewou,38,79
jewnotdrew,95,35
GaryHainey,200,35
GatorDeb,99999999,45
GearsOfDuty,535,99
ohmoni,0,60
tombowker,270,75
CerianWoopage,53,35
Sarah_L_D,140,60
Steve_Collis,67,35
camieluv15,67,35
GlynisMenace,57,41
gregstudt,100,55
smplyjen,96,35
JWurzinger,75,35
Jurg3ns,198,60
maychia21,160,35
nettynotorious,90,54
mrploddy,120,35
y2marmar,280,88
mpink22,110,46
zelle_xiao,0,60
kittyodoh,88,45
toribeth_ilu,98,60
LilMissKendra,150,35
kayde_mae,0,35
Web526,147,35
karen_alexa,410,35
lukebrincat,70,35
MariaLuna4,110,45
ktw92,176,45
MissLaurenn,117,35
balletrfs17,181,53
bkreilly,199,65
elle_mcqueen,96,35
1GoodDiver,198,80
renegade_kitsch,50,35
ps_JONASlovee,58,41
_justinmorgan_,130,75
marcusgregory,55,35
kattterina,0,60
ChaylaAbbney,156,51
cherry_cakes,105,35
sbrocaille,58,51
Crystal_Reign,147,35
shawty68009,125,73
Chazzy137,125,35
steved25,50,35
missmashup,75,35
rachuridge,0,60
drkevinking,0,60
theddlovato,220,45
laurencraigxo,75,35
eisforecstacy,128,58
_abilouise,120,60
yerry20,0,35
trancejunkie_eu,71,82
maHHtin,105,90
debjgee,70,35
juleshid,210,66
bassist_121305,60,66
adoniadonia,0,35
vincent_andrew,163,51
vivishadows,131,45
RonC1980,0,35
woeisthespider,104,55
Mateyy,150,35
mpdwibble,100,70
melaniesmith1,0,35
QDelia,365,97
Saahil2902,90,44
yuglook,60,35
treppuhtak,0,135
producthope,319,35
Erod85,93,60
ZepXcore,162,61
Melmis,0,75
Suerundlehughes,0,45
GoodHealthTips,135,74
MissJai87,106,35
Chr_Berg,160,60
surlyride,76,35
amberly22,115,45
iObsess,60,35
MizzShanay,173,62
xcarlosx91,65,42
SkylarkNz,75,35
zoegakenia,91,35
liljeaniepoo,103,70
KittyKarnivore,140,74
artistwells,132,45
swankkat,139,35
JillNYC21,135,49
Ruslan11,120,57
MJRoRo,142,49
superjessie31,65,35
sarahmolina,83,113
alex_krycek_lv,0,45
felmoran,66,35
amber_duffle,90,44
itsLorrieM,61,60
crlyksr,0,35
JuliGrbac,185,60
kellymason0514,85,35
shimmysmily,127,35
tkfertig,91,35
butterflies8820,129,48
backtothebasics,283,103
lifeldrshpcoach,100,35
nevermay,0,60
martiiwantsyou,85,60
RyanLadner,80,35
lars3n,83,68
Bobmit12,31,90
zZzFloOozZz,108,46
Dizneemom,120,35
bernicenadine,114,46
JamesMcCleary,80,53
priihsoares,178,60
mattbladen,62,45
nospoonwriter,96,35
MonBon21,159,51
Chater1703,78,43
IaMCasPa,80,45
AbigailRobins,185,79
Rey8,178,93
THISISJC,224,67
9SvEnJa3,0,45
mel0dramatic,166,62
CarolynVela,230,90
Bones_R_Beauty,81,98
Kaarllee,157,76
dearestvanee,76,45
rubenzer,400,75
Karlyguitargirl,128,35
Melahead,100,35
carolsh_hale,47,35
Lawraa,57,45
cstampeen,100,85
AlexGkarthFans,133,58
Blackaurora555,500,35
initials123,41,39
TheBlockChicK,195,80
JulsVuorinen,99999999,45
jKAE17,162,91
KSade,240,59
amysaysMEOW,92,35
KatelynLydia,199,45
deinaaa512,190,60
_pradeep,140,59
twitofalili,140,35
caseymt12,140,45
britt_allen,155,61
mybeautifullyme,175,78
jerjerific_31,180,90
BobbyJames11,100,45
karawilliamson,0,75
genevamae,52,35
mthenier,157,91
typingsucks,0,60
MayaENel,100,70
mimay,115,35
summerchick,67,67
SCeCeW,123,72
HopeLatona,160,60
MilleMonroe,0,60
grrain,70,60
deepakpanigrahy,125,88
zecik,175,78
xstrawberry007x,112,86
carmendamodle,0,105
Cara_Elliott,136,49
Rasmenia,70,75
kcbutcher,150,60
berticus,78,35
NascarJames,0,45
aliaaliaalia,99999999,35
_xstudx_,110,35
MzYun,79,83
ChantalNuijten,160,75
BobbySouth,120,47
mrjet,50,35
CASSYCAT32,139,74
LauraCoulthard,142,60
babyiloveeeyou,63,35
jodilynch,120,35
eatmydazzledust,234,45
jadiiesbiscuits,110,46
kyriolexy3,99,45
sexe_doc,0,45
Gaga2c,78,35
ellybelles,121,57
dirtyslut,192,94
chrissyjoamodeo,103,60
insideuxiz,75,45
mc_cayetano,177,53
acc123,75,35
KrystaMarie11,128,58
ItsTiffaniBishh,100,75
Kopedan,117,35
wdonohue,75,35
ali89246,42,35
dramakween9221,109,35
Beastwad,247,60
mlmtxag02,0,90
HildeSofie,79,35
clairemv,333,78
Meaganbeastie,0,35
insanebetty,175,93
Mels52,160,61
homelessdragon,100,45
k_beezy,148,50
mandymiller,130,45
JacksSally,101,45
ChikitkaBananek,49,35
beckahbenalquin,0,75
stinebeann,120,47
janie1962,92,35
Harlequin66,46,35
anthony_natoli,150,35
dkmorales,80,43
rawitat,200,80
Haffiz22,67,52
chriscim,210,96
CodyD2010,45,45
kleemans13,100,35
serge_turtle,90,54
Lab49Marie,222,82
vickieeee,63,35
gobabygoFL,280,73
pray4tidalwaves,90,35
Shampooks,0,45
sheilerz,88,35
NDGrinder,76,43
annienmcnulty,73,35
corybidan,53,80
mcgregke,90,35
Debbie_160,141,74
winnsaw,68,75
sean1yim,105,86
amarabeda,65,35
ericcalvo,80,60
Nylajoli,100,55
MeLouisT,0,90
clairecookie,50,35
tatunga,132,58
emilytipton,125,88
bernoulie,64,35
phabio123,145,105
fobeeyo,67,42
JaneyHutchinson,67,42
ms_dandelion,170,77
ShoookChiswick,60,35
Baijor,80,68
sarabarrett,70,42
IAmMissLee,125,35
parabs,80,35
ismangil,99,45
eljefe29,70,42
pamelaidea,426,103
justyrae,0,35
keithjjones,147,75
teeniespy,400,75
Pipia,130,58
tiolitos,100,60
bahahn,87,54
Butt3rRican,171,62
hepr6,92,35
hugoburge,0,75
Kirstin426,80,35
missrachelgold,110,35
Ursula_Anne,54,60
jfinik,57,35
joeede,227,45
DiAlarid,107,35
nanuarti,135,35
sexanaid,85,44
cheerlollypop,0,75
missymidge,124,57
Chaziie,0,35
Rachy46,50,35
gabbyortanez,300,45
sjeangarcia,100,45
HelenFlicka,110,101
Debaaa,151,35
mannkind,160,76
JewlznAZ,86,84
ilikepenis,126,75
g_lifted,0,35
marianeanareli,170,60
broken_thought,0,35
AyrieKitty,73,35
amotion,81,35
bocillovelife,80,35
dotKoen,65,52
chefcutie,90,54
chris_crocker_,55,35
nallepuh38,148,45
spranostar,116,57
RAWDUKE,118,35
lisa_marieg,87,35
spyder_byte,112,101
markltbaker,121,47
louispattison,143,60
EntropyLake,244,69
asbigasthesky,257,131
gruzel109,0,75
thirtylies,160,75
fintileonita,59,35
esotericaqua,66,35
mrkschan,0,75
stargazer8,129,88
jordan23capp,198,95
Nufayl,156,75
Melli_B,250,85
DomoTaka,130,58
RafaelAlpizar,0,90
B_glad,0,75
30H3_DTM,126,48
lonewriter001,173,92
aarondimaano,160,91
skbenja,120,35
aamybelle,0,120
sarahditum,0,35
analeti,46,35
sc5419,138,59
Semper_Fly,75,75
SabineWorld,148,50
jababi,187,35
DAZZLEJ,150,120
Sagogryn,144,59
CrazyMuse,56,35
iknowkevin,0,35
davicious,110,35
melissareich,0,45
mahimaaa,68,67
Bmh7191,31,35
snowmansam,125,45
Tartanlegs,0,60
MaddieBug13,124,57
justtryin954,150,35
cambeezy,100,55
katluvsya_91,86,35
melmelh,0,35
Pasiphae9,60,41
sandyrai,60,35
lealoo78,217,82
melissalatchem,60,105
Disowned_child,0,35
altealice,60,35
anas11,126,35
ILuuuvMusic,160,35
dianadoodoo,67,67
madain12,102,60
mkbolz,240,60
sanjayranjay666,0,45
Swindeezy,170,77
jenhartz,116,47
KitzuRane,65,35
stephhxatl,124,47
jeyluh,25,48
emilialong1,154,60
fletcherfiles,117,102
krislilave,250,60
ashleerene,60,35
oxlightmyfirexo,93,44
iSIHUA,160,75
stupid1st,95,45
cheziggy,79,35
DavidBedwell,137,59
CBooVincent,150,50
TATTeredartist,177,60
PoliticalGamer,112,46
karencoghlan,220,35
MickenzieHyatt,96,35
Branden_Bravo,100,35
HyperCard,196,55
ZizaMadchen,86,54
raciedo,150,35
blondaaayx,0,75
tillyxengineer,127,73
BethP781,51,40
Caddy06_88,213,66
MusicELINE,70,52
jeannielite,280,35
aliickzz,105,35
SugarDolls,70,35
MissSarahMokone,200,75
LaurenFlick,210,35
methel,146,35
iAMonFYAH,0,35
Ess_Jay_,105,56
kingivn,0,75
TallulaHales,149,35
xiiemusic,56,45
OC909,0,35
jansloth,86,44
justinpledger,285,89
knnmmara,160,75
kelsixkx,0,35
sspycher,105,35
KathCim,120,57
Sweetness317,154,90
Kennyajk,99999999,90
mikearthur,250,100
clorenzoni,128,35
sowhat28,92,84
shelbywillis,196,80
tabi_tinkerbell,100,70
kaariegirl,128,45
XxEmilayahxX,150,45
merulapie,211,81
CitizenMurder,109,86
morningstar428,140,59
dil_emma,60,35
CesyaSlaughter,39,35
rahzo,90,35
RikkePedersen,60,81
natealcantara,154,75
mccanna,104,45
Lindsee,200,55
Katie1026,80,83
alter_gree,218,35
gidget3am,182,35
Goldae,122,35
nikkimurder,60,35
jamie_rich,115,47
twihard2012,100,55
tgcynthia,113,35
antipax,53,40
MaKenzieTaylor,56,41
TeresePink,102,55
grachececilio,120,47
Just_Deni,80,35
Bergefurdsfarm,33,38
YoungStew123,130,60
v_lambillotte,60,35
mmacrae81,107,45
dugpol,65,42
CharlyWarley,173,35
seismicshed,89,44
gartley,0,35
SianyXD,73,42
Mboko,34,38
ladynastydotnet,0,45
xtinabobina,120,47
mamabeachbum,250,60
dabitch,37,75
CallMeMsSarah,0,35
craigyboy118,0,45
JessicaGanzhorn,70,35
nalalee,105,56
IGird,107,35
KoL_lover,155,51
awhitehouse,124,57
lindsaymyhran,75,35
kylelynch66,100,45
souffie,112,56
surfreda,147,50
TDRFans,160,61
gatorlar,0,45
JadenLeeBasser,99,35
kelly050,159,76
yee_itsLYNARD,82,43
WeeMage,145,35
pongneng07,103,55
anetnomad,164,45
mjgrantz,100,70
shanatthemoment,92,54
BeckyEnsor,150,60
aparanjape,140,74
azureblue21,91,45
Tiffaney1115,70,35
boouwhore,90,84
gr1teacher,42,39
SochieLeiha,114,46
hutch2009,223,97
regina2594,0,75
kylemazur,0,60
RobinFlame,108,35
Gaara_Sama_Suna,195,80
kelren5,139,49
electricprophet,91,35
kyna_,203,65
suself,96,35
nimrodsari,0,35
Sammie2011,0,45
Icytwatter,80,35
May_faeriesrk,0,35
JOnathan_imo,140,35
PatrickBiggs,93,44
crystalpaul,173,45
pandastick,110,86
lynnkale,0,75
asharachal,72,35
IxchelSchool,118,72
misskaulitz483,60,35
DreDaRealest,260,45
roy758,130,35
misspyt,55,60
meademfields,133,60
minutemonkey,63,96
brooke_v,189,54
JanetGilchrist,123,72
Jessi728,130,35
v_a_n_e_s_s_a_s,113,46
parsifal,98,55
shopaholic87,119,57
dozyrozy,66,35
caleblaub,55,35
dannydavies23,198,65
MzMiaCuNnt,179,53
Vera_Tanner,111,56
Kiaiangel,80,53
hillarylee11,108,60
JonFreeman83,140,59
isleofewe,88,69
kyubi_33,61,35
toolazytocare,150,60
shellykaye,71,82
alyssarosa,101,35
AlexandriaBlack,80,35
anniechi,114,35
fishbowlmuse,110,46
NiceGuy83,0,35
mmmMONKEYturd,175,63
mikedunn,140,35
andreagl,115,57
rachelhalvorson,66,35
boozyaims,80,35
LisaDruxman,270,62
sinisapeteh,0,60
ntmachai,100,35
katzmeifyoucan,85,54
Mylynka,181,53
Micahness1,67,60
MagJ,170,92
Kemenbear,150,60
afrysak,75,43
jenibeth,200,35
bug311,90,35
mrsrsara,60,35
vix_ladybug,70,42
pk2004,184,63
chipauster,0,35
jmatchette,109,60
3GFalcon,59,35
LoverMindy,74,35
proud71,48,35
liquidsipher,62,35
MizMiranda,150,90
KRLNY,164,35
ellefff,108,71
khoaco,0,105
ilychristine,110,35
iceborg41,230,58
iMeMiNe,115,47
MicheMcHugh,294,104
staciehays,100,35
moobabe986,100,35
skywaymanaz,171,52
mapetty,70,42
itssmayraa,72,42
donyelleboo,133,73
25LayLay,92,60
claralira,162,35
missjaneyjane,70,35
serenacsl,175,45
frid78,86,35
jonathanslam,69,35
xoxocharl,129,35
CathyCorruption,150,60
nicky1030,140,35
MarkoPirc,183,53
xEmmaBarsleyx,56,41
arianaandjessi,71,52
fbj_123,56,41
lockleylodge,94,35
emychai,205,35
GilesPK4LIFE,118,47
jerryjvl,105,35
Asphalt42,55,35
TiffanyThais,102,45
robwallis,102,70
JessicaaaMc,89,35
jungzx,91,69
briian3,128,48
F4RR4R,120,47
NatSiblalDawood,70,35
joelingram,0,35
shannynn,105,71
Snoop904,97,70
sexyredhead0,0,35
runningrockstar,60,35
wonderlander,0,45
Marion_Enyo,166,77
anjali_handa,201,45
lucyinka,100,35
LapsedFlowers,110,35
elr32,103,85
deckedoutrocks,101,35
marie_travis,115,72
xokrissyxo33,0,45
beatrice21,56,35
MaryBretz,70,35
njdn,208,56
brandonXmichael,210,66
Krysnix,102,45
kschnur,127,48
samgam,75,35
NinjaBeaver,146,35
WitchesGate,200,35
kriciamorris,130,58
grgdhiraj,90,54
amandapanda994,75,35
courtmichelle8,74,42
hudderson4,124,57
Chrissy_Lee,110,46
chocomilkcheese,140,35
punctuation,77,53
Nicoladooley73,108,35
hanging_luce,60,66
crazytink08,150,75
casanova99,199,45
bele04,0,45
lolalolalola_,100,35
AniiBee,77,75
TMESQ,92,69
hmerkle,140,74
vinitbharucha,130,48
MariiReis,84,35
sweetestthing,138,74
camilasunshine,125,48
kajunmarie,0,60
perfectpain,154,75
Missyidol,100,70
wordsofluv,82,35
evelynsharma,150,35
jmoney921,159,61
tweettweetbabe,58,45
RellzKnwzwerdz,163,51
polkadot334,0,60
jk_chinchilla,108,35
MikeMacias,48,35
RachelMcKay04,267,45
sasagrrrl,71,35
Kegs1528,125,48
jamesErrington,120,35
Crystal067,92,54
andyswift,78,43
anyabelle,0,35
Mick_Holloway,45,35
JenniferGahan,110,46
Chevionne,92,35
CartoonAndrew,76,35
mwot,187,54
ShakiraFuego,36,64
lisasanf,85,84
Danivaldes,120,45
ctyson,242,60
sweetneons,234,68
phrawzty,251,35
TiffGolightly,157,35
Prissi2,233,35
yukihoang,104,35
Libby_Lucy,37,45
knitbrit,125,60
peacelove_eden,82,45
kelseyrm,128,35
josselyne,94,69
whitelotus01,115,57
emhen29,71,35
TrishaaTastical,35,35
adista,160,106
marcelojaime,0,35
k8atienza_,179,90
EthanJaynes,221,35
Annerbelle,142,35
DarthRyCer,118,47
Livesetsus,0,45
JosephMumford,235,69
RajuSun,233,45
flawedheroine,99999999,35
SammiKnapp,53,35
jbubbles410,120,35
BadgerSett,145,50
namelevel,169,62
franchescaalein,135,49
annawills,115,35
Karla1016,111,46
TeamSGomez,139,49
jyotsnam,240,84
KurdtKobain1994,50,35
TheWoman333,76,45
frankbrondum,95,70
kennadear,72,42
iSuperK,120,35
KClopton4,85,35
katieeejane,0,35
sampirc,85,45
kookykay,183,45
LatinaNichelle4,120,35
brittanyvfcchic,71,97
QenVic2,90,60
ThisThatBeauty,120,47
karawapo,73,52
JamieLawRoberts,148,45
Siberwulf,197,35
nefarious_girl,111,35
NewFrontiersUK,102,35
tymeeyuh,96,35
therealeskimo,8,35
kaorudesu,106,46
sund0wner,120,35
einmensch,241,35
PeriShatha,160,51
chickenmarsala,193,94
JessP3989,60,35
theAMAZINGcp,80,43
opinionshapers,111,46
Honeygeorge,182,35
cshel,97,45
fifs_c,0,105
Sarahloi,105,35
N3ll390,110,35
lessfound,140,35
Tinabobalina,73,35
LaceyBourke,0,35
cutiejara,134,48
julredsox211,90,35
djplastician,119,47
galaxygreg,85,35
Proud_Lion,115,47
kaitlynntaneal,95,35
ForrestKing420,81,35
AikyoBritt,127,48
roel1981,0,60
connorforrest,178,53
shatteredgirlz,80,43
Muhammad_Ameen,0,35
sourlullabies,133,58
Kami143,49,35
thefatlosskid,32,35
h0ll0wd0ll,80,43
iamica,200,35
firequilerm,0,60
mi11er220,140,35
lizzyxpooh,197,65
brycemark,86,35
gweney,91,35
spintrax,147,35
trishratna,335,35
Nithya271,173,35
lincruz,147,60
JMAC777,100,55
cleokid,100,45
kaylesmarie,80,35
peterloader,172,35
AutumnalEquinox,115,60
chubbilypanda,100,70
bala_k,130,45
megrayner,383,83
smalisgirl,164,45
bridgelene,250,60
nanajackie7,325,168
candyflosscrush,120,35
mimi_intheworld,109,46
dinymite,65,52
dramaclub,140,74
Jayasri,203,60
JosLuvzKevinJay,93,54
johpan,70,42
DJSOUNDBWOY,125,45
xandalekarlita,140,89
Teashopdiaries,79,35
amylouisecullen,120,87
aractor,100,45
iferg,55,41
TheJackel92,211,66
onewaythru,72,42
helixeternal,100,35
chasekahn,141,49
geauxshay,53,35
itsmestephc,92,54
fallnanjle,121,47
squealc,130,45
TypicalStudent,41,35
Infallible_Love,100,35
nicole_claire,100,35
Anastasiamylove,65,35
Heyfareesha,189,45
Aylania,180,35
kid_nothing,210,56
iCharlyy,296,90
piratesaregrand,205,35
kristynmarie,84,68
dear_celeste,77,35
MissSS,0,45
Ninjahmr,60,75
heart4music37,90,35
heyyder,170,52
wagersmatt,91,35
ChellyJang,85,44
sorayahb,52,35
BoozyMcSuds,72,52
maravon,105,35
funky49,150,35
wpskinner,77,43
WonderJacy,105,56
modacadisi,0,45
NaShauna,163,51
MsPatriceMack,0,35
ZOreck,126,73
luv4donnie,27,60
jenz036,45,65
sammy_boy,65,35
poodeymusic,110,35
Medeiros83,129,35
lizkearsey,72,35
rudyrudolph,0,60
pc15,0,35
darbystcyr,163,35
JuClaire,52,35
MagPi314,136,59
Dina_Hussein,124,47
radicalxstitch,265,105
EoghanD,230,45
NandaMoreira,125,45
SimonABailey,440,35
beemary,245,100
ohs0sam,92,84
lovegeorgie,150,35
nettlesnut,150,75
Invader390,162,61
AislinnW,118,47
Laurabr15,240,84
CarolinePotts,120,35
mariaporter,99,45
einfeldt,182,45
marcelinnz,126,35
Mwinkelman,69,67
Amanda_BIP,93,44
jamesxcore,245,35
crassbstard,88,54
KatMayne,42,35
cirena,64,41
bethanyjc,92,44
c0w,87,44
femaleprodigy,134,35
Slayton22,85,35
morganhx3,47,35
jeremyhobbs2,230,98
mariusoczon,0,35
iPhoneArena,217,75
georgyy,0,35
abdilla,111,35
nicjenn,164,35
Emilypuppy,120,72
xomariza,101,55
chreezy,105,35
nic__xx,150,60
iphone_crazy,152,50
Imogen_jo,90,44
Keiron_James91,109,45
24Clifton,190,54
jjcburnett,0,35
salmonpuff,142,59
TraceyLPerger,65,35
Princz,72,52
soFOBulous,80,43
self_medicated,75,35
selinalim,270,87
charlotttteeee,179,45
spandanmondal,0,35
seraba,95,75
com212bmuto09,61,66
cole21,80,53
coffeesash,88,45
chatta,80,35
shadedblogger,100,55
cloogle,150,45
shannonmacx,125,35
sharonguti,110,56
sharry,30,35
codeur,86,84
charlamnstr,128,58
seemingly,99999999,60
shawnfierce,162,45
cchs_majorettee,53,35
spazzzout13,192,45
cdsram24,61,35
sarah_bradfield,0,90
saritasjewelry,0,60
crazyfunfanluv,92,54
celebprincess,67,42
cooldudeja14,128,60
saum_,0,45
schumy7,164,51
sparkelinjewel,150,60
sdaisyk,0,45
seabastar,70,42
seancuttlefish,45,35
cgs2009,85,44
chacheness,0,35
sayhokis,0,45
cheeky_savvy,108,46
southernbunny,100,45
somerandom48,0,45
sitbackrelaxxx,200,65
situsinversvs,92,35
chemilyx,68,35
sjforcum,130,35
songsforpiano,170,45
sonatainn,155,76
choonbo,185,35
simplyjojo,130,103
slipknotchik91,145,60
choadmalma,78,35
chloepaige23,175,45
chispas1388,91,35
so1omon563,75,43
chingsmd,162,35
childaycare,147,35
chikita_bo_nita,102,35
chocablog,200,35
shelbygrajeda,130,45
sillygirl15,150,60
sianlparker,188,64
shelbyisfetch,210,81
soundman460,59,35
cleebee,436,79
shelliFTW,146,75
clarewalpole,270,35
shortbusdude,139,59
clarasax,200,55
sierrarawr,44,35
showerdays,169,77
soozilicious,86,44
shyamnaren,200,80
cl0r,122,47
cjkihlbom,117,35
cja882,72,35
santhoshbg,57,35
chekeichan,200,65
shuhead24,225,75
sansizzle,145,75
justjeanny,45,60
sansib,105,35
qbessi,158,51
dingybear,141,59
rachie_doodle,62,35
raediation,119,35
diegopmarques,72,42
rafiq,127,48
dhc2nite,51,35
dhampir17,83,35
dg1423,98,35
pwobbler,60,35
randy_nacol2002,120,47
denizshntrk,72,35
dell389,107,35
rave_guy,65,35
dehora,60,45
ravila23,125,58
raychilllz,0,35
deepakjhalani,82,35
rdrenadi,80,60
debsig,247,100
derricrussell,88,54
debrah6,72,82
putrishabrina,103,35
purpleinnej,75,35
pinkybunny,0,35
pjkix,135,49
plaine_jayne,121,72
planpremium,89,35
pok3,140,35
dougwo,200,80
poorboymark,88,44
pornococaine,0,35
porschax3,100,35
dj29,125,35
dollstudios,64,41
dobbo1985,130,75
dnwhittaker,24,77
princess_shrek,102,45
dntworiebehippy,120,47
princessjaya,82,35
dlsnax,90,54
prprincess2008,116,72
prttygirl23,64,35
pung101,95,55
posecombat,78,35
crysmacdonald,128,35
realhelen,155,60
rebeccaseagull,179,78
daniiLuna,96,35
daniels_dunn,88,44
daniella_ftw,156,51
danielcarson,45,35
damndirrtyrider,131,73
rockroxmysox,72,60
rockvocals14,100,35
rohitawasthi,65,35
cynthiuhhh,153,90
danishathadani,120,57
rufferthanstuff,57,35
cwusacheferika,50,35
salma_ali,195,45
cutiepie0509,90,35
samarazon,274,35
sambg7777,195,55
squidulor,150,35
sammo101,108,46
sande3e,151,50
sandracastro17,109,56
cyberarena,125,60
rebeccaa___,160,51
danishkanavin,82,35
robertswartwood,199,55
redabanjar,111,46
retrogurl14,0,45
reubenroberts,95,60
dbla921,76,43
dawnwadawn,90,35
revolutionn,130,73
rewindbacktime,150,35
davejenson,70,35
darylking,85,35
robertw477,75,43
rfwilkins,160,45
riffscookie,140,49
rileyh_update,60,45
rioproductions,161,45
darrpalmer,170,52
riskone,180,78
riyaanand,0,90
rjstein,100,45
darbaybee,214,90
danseymour89,85,35
riasantiago,90,84
sameer31,95,35
stace_w,130,88
cbassnyc,250,100
aziari,105,60
azaresdr17,177,93
vleita,72,97
axelroselius,70,35
vsys22,166,77
weebabylou,185,94
wendiegoneferal,64,66
aujess1978,200,65
aspkin,80,68
askygoneonfire,175,63
ashtonlanai,55,35
ashley__attack,207,75
wheelerde,170,62
ashleebaby7,206,66
ashcalabrese,78,35
wilbloodworth,70,35
asdfghjklison,90,35
williamstodd,60,51
arwen1616,98,75
aziebart,235,45
violetheath,135,49
b_fulham,101,35
babifranzin,139,35
totc,206,66
trackfiend386,0,35
travisjones16,104,75
treppa,100,45
treva823,97,45
trishadenise,125,73
tsosiek,0,35
twitcurtis,120,35
bchuBEATyou,65,97
wirzma,242,75
twitvidcom,120,47
bandey,119,60
ukloverblue,210,75
ultrastarbarbie,390,114
unclecreepy,93,69
uni0000,120,57
vague_horizons,113,45
babydykecate,109,35
vajapocalypse,0,75
verschoor,0,45
tzuzoo,138,49
artcworld,99,55
withnoremorse,81,35
armenetta,247,70
xxooashleyy,164,76
xxxDanielle,185,79
xxxSophiexxxx,85,35
xxxaag4e,107,35
andrewjon,180,78
yara890,260,101
andrewaf,100,35
yssems,300,75
andrehurtado,63,35
angelitaaah,137,74
yukuocheng,91,44
yummyxcookie,125,58
yunishaituyuyun,135,49
anaracecar,538,60
zachchisenhall,140,35
anakitty1,83,35
zetachick565,60,35
ziggyziggylala,176,35
anLu09,80,53
amyyyyy,214,66
yumm_112,110,46
bengl3rt,350,70
angie324,204,35
anna_emme,117,45
aricha21,135,45
ariannaaaa,120,72
wmchamberlain,70,52
wren_x,116,35
aquadonia,115,57
wsh5,142,59
wvugirl2003,170,45
aowong,158,45
x3_tati,233,68
xwishbearx,415,35
x3emmy143,150,60
xLAJx,165,35
antifaucetwater,145,35
x_amii93_,121,60
xdanix1992,98,60
ansticeband,78,35
annileo,90,35
xjagx89,81,68
annelupi,100,70
xonatashaa,100,35
xGabbix3,28,35
torkaveli,60,60
benrcole,186,54
tootyfruit,80,53
california09,0,45
sushigirl05,119,60
cajuz,113,46
caitlinekelley,100,85
suthnheart,101,60
sweetieboo24,0,35
swilliams623,183,78
caddi_shaq,64,45
cArEn_eLLeN,100,85
survivorrocks,113,46
buz_tweets,136,49
bunnzy,105,60
bumblebug3,110,35
bugsbunny88,203,80
sxxxxycreamer,0,35
sxysamie,109,71
syafiqlily,86,35
syd_,75,35
sydford,166,75
buendiaavenue,90,35
switchmoney,156,75
bubblesbaby37,120,87
surferm08,155,51
candiceperret,150,75
catinthehatt,359,126
catastropheK,100,45
caseyzic,125,88
sroldan84,95,85
drcarly,199,95
staceyswogger,183,63
carrzie,137,60
stelthmunky,43,35
carolinabreathe,100,35
sunsprite33,63,35
carminaibanez,80,83
carly119,100,45
carlosimani,86,35
carlf25,88,35
stephhhanne,137,60
stephjones1989,100,35
care1208,194,45
stufromoz,0,75
canepas,140,45
sunnygirlkate,105,45
stephanieann30,0,35
cc327,129,58
tam_iris,67,35
brownboyjojo,113,86
bnunnally,119,75
blurpzz,150,50
blueskyz,139,35
timolue,125,45
bluemickey21,68,45
tinaxtantrum,74,42
tingkenstein,120,57
blakestar,0,90
tinkfun,123,57
bobbygrace,208,56
tiredviolinist,0,75
bigroach19,0,90
bigced,144,75
tjmahr,225,35
bgeraldes,380,113
betterblogger,149,60
tmunebags,0,35
tnvora,300,35
tofupoo,81,43
tomoeish,60,35
biskero,195,45
brownspank,247,100
timholl,240,84
bohicadeus,179,78
brown14suga,87,84
tammyb91,70,67
tararoh,205,35
tasty_treats,110,46
tatu262,268,102
taylasianbrett,93,54
tazmurf,160,35
britney_fan11,0,35
teddybear60,165,77
tikidude7,135,59
tehgort,214,56
brenana2,230,113
braque,100,45
theseanhooker,86,35
thexlastxcall,50,35
boyoverboard,36,64
thisisashleyb,53,35
thpx,117,57
threenails_92,110,86
tiggero1111,176,75
thebeerrun,168,62
pinkangel05,120,35
dynamics,0,60
pheroze87,69,82
lf681p,102,35
j0shporter,180,60
iyoshii,240,69
ivansosa,140,35
libinc,138,74
lifeastrin,100,60
lilamex,225,45
lilylashes,145,60
lisalynn19,110,35
lisamartin,225,58
itsjakejohnson,330,153
lisamichel03,0,35
lisseth1508,92,69
itsariana,73,42
liueila,66,60
ithy16,100,85
itchyblood,60,66
isquinted,107,56
live_life_loud,0,45
jaBanks,135,45
lezpez7,319,107
lexisprlife,73,42
jadeakiss09,86,35
lauren_114,43,35
laurencarr18,85,69
jamjamiejelly,173,77
jamieelsworth,150,75
laurenislove,70,35
laydeh_n,100,55
jameymitchell,47,35
lbabinz,82,35
leahbug83,250,130
irkenmajorb,140,74
jamesprentice1,90,44
leepetitmonde,130,35
jamaals,115,87
jakecschwartz,128,103
jaime_izquierdo,178,78
leeza_13,51,40
jahannn,100,45
legalrebel,160,76
lemmYfrt,99,85
lespattersonx,215,45
leeferns,176,45
laurarenee411,20,90
irissie82,80,35
irfanka,75,35
lurkcatty,99,70
lystfugl,0,35
m1ssb0ss,95,45
mOnEEna,210,96
mZ_mC_l0vN,107,56
mabeatroconis,63,35
iamplainlazy,300,75
madnessofmany,115,60
iamfrancesca,73,35
iambuttbot,100,85
maggiewoolley,54,65
makesyouLaLa,217,67
iSaamuel,0,105
malchera,300,60
malloryLH,140,35
mamikOmotto,170,35
iLLmatic305,100,45
mandi9455,86,84
mandyhornbuckle,90,44
lukegarthwaite,470,82
ihateemilydiaz,140,74
lucyhilson,50,45
luckbealady,107,46
irenigma,0,35
irenern911,135,74
ipsycho,171,77
lola0813,176,35
longcheng,100,85
lorenaoneil,140,59
inki33,100,45
louislannoy,85,35
lovablelamesia,0,60
irishchick91102,110,86
lovecat_purple,69,82
imstuckhere,120,75
imi91,110,56
iman207,42,39
ilysexyness,178,63
lovegemmii,83,35
ilove_kat_von_d,190,35
lovelyblog,131,48
lubbablekay,180,35
lucariotwitface,158,91
inigoflufflebum,150,60
japhod,90,69
laurameyer,125,58
jasminimumwage,117,60
katsafras,500,90
katty2007,400,85
kaybee_suckaaa,85,35
kayla_schmitt,202,95
kaylaa_xo,0,60
kaylibugs,107,46
johnnyg88,137,35
johnnyandre,102,60
joepatrick55,200,45
kaysarang,223,82
joelfrizzle,325,60
joelahrens,42,35
joeladler,327,68
kaystar5,50,35
kbachelder,70,52
kcnitt,150,35
joannapam,110,35
keenashley,130,48
keep_rockin,100,85
katiebright,120,60
kathshestands,150,60
jordynmyah,80,90
jorgje,70,52
kahokohinogirl,140,60
jungminah,80,35
kainley,90,35
julieg0810,32,45
juliebacon,0,45
kalayeh,50,110
juiceboxhippie,300,135
jsulli2010,250,70
kalexan,70,35
keithlaidlaw,60,51
kamakazipoker,130,45
kamotengkarot,0,60
joycejaminal,108,86
karan_nathani,176,35
josieeely,155,76
karenbyker,138,49
kasey_bennett,72,45
katejtrue,125,35
joshinman23,532,113
jorraineS,130,60
jpcoconut,100,35
kelbelswelljell,183,108
kelseylinked,238,60
jmccoygcs,0,45
kojitakeo,180,75
jenscarlettlee,96,35
kristy_faye,90,35
jennifertang09,91,35
jenniferblaney,60,66
kroar,70,35
ksmoreau,190,75
ktomseth,237,69
kzelnio86,152,60
jensenm22,120,35
jeffistall,131,75
jeanane,138,45
laquint25,0,75
jdouglas41,108,45
laurabydesign,350,140
jcvertin,130,118
jcf,105,35
laurafenlin,88,44
jazInTheCity,70,35
jasonnewton,106,56
ladyloki,146,60
iAmKylee,50,40
kneppis,120,47
kjnoaman,125,88
kelsomorris,161,91
jlwsn,138,74
jleanna07,150,60
jlb1113,77,45
kenilworth12,80,35
kennyvmusic,176,93
kevlivingston,57,81
jillaz44,57,35
kevonski,45,45
kmwasik,125,88
jfawn,108,56
kickashley,127,73
kiirzten,100,35
kiley_,74,42
kimjay_everyday,0,35
jesusdie4u,0,35
jessicas23,130,88
jess_wolf,0,45
kingnappo,0,75
kisapmata,140,59
khammoon,60,35
mapez111,301,105
marand313,111,56
huecinka,62,35
nordzat,425,35
nuanicaj,143,59
faketandan,54,65
nuckfan123,126,45
evlminion,110,75
everyheartbeat,128,48
nutters05,160,91
evachristie,100,35
eunicelov,120,35
ethanb628,120,87
nylelyn,283,35
estherrvdw,60,35
oakleyswitch,180,93
esser_stuart,100,85
espi12,230,68
oamandao,130,58
ericthc,126,35
ericcmurphy3131,140,74
obadonke,98,70
faneeyy,110,35
nonokyo,121,102
noellegallant,148,75
fbenevenuto,50,45
flyydude86,0,45
naomib33,245,70
florinpuscas,180,78
natski_yoghurt,126,73
neo106,70,35
flacabasta,150,90
neuroboy,0,45
fitzage,325,78
neuzan,115,45
entemind,135,74
ngomie,115,35
fire228,134,58
nicholeisbomb,145,60
fifiyun,80,45
nicole_sea,150,60
feathery_tweet,190,90
nikihighfive,99999999,75
nivstarr,85,75
nixconsunji,130,45
nobodyzdarling,195,60
nhcoffelt,71,60
obyri,86,60
emmatorres,92,45
emmaatkinsonxxx,53,35
elaineinspired,118,72
el_mi,79,68
el0isamarie,175,75
patb1966,160,75
patoc65,140,35
eemser,115,35
edigsk,198,75
edennjoy,58,35
pauguerrae,340,94
electricgirl24,150,60
pb3000,219,45
e_renae,124,60
juoswald,142,59
periclesfilm,117,60
perlgirl,105,90
dwfrye,87,35
duncano,0,75
peter_kallstrom,340,35
drpoppy,0,35
ph0to49855,135,105
eamolina,145,75
foamslide,154,60
papau,106,45
pap3rtig3rs,180,45
octofuzz,74,90
odage,276,75
emilylake,210,35
emilycarding,320,107
emiliohh,101,75
ohemeegeeay,68,35
emiiann14,175,93
ohexjess,169,60
oliolsen,107,60
elinmarinah,50,45
omgimlikesofat,126,35
elmo1228,80,45
onelovex3,160,75
onicajay,195,90
onnaboat,125,103
oxanation,125,35
elk4111,112,60
panarican,57,35
pandachops,90,90
elizabethlinh,90,35
elolsen,61,75
phillipbaker,160,75
naananwilliams,71,35
n0sl0ch1n,55,81
matt_is_hott,74,60
headerbear,147,35
hbortels,85,35
mattalbot,82,35
maydeey,113,60
happy2host,108,90
hannahx10,92,45
hannahschlitt,124,45
maykelvink,87,75
maypuffy,180,75
hallin,67,35
haleyeringerik,64,90
hailmarythatail,139,45
mbrumii2009,160,75
meettaylorswift,52,50
hail2thequeen,100,45
megan1500,195,60
gwennibee,112,60
meganfield,99999999,45
materialgirl757,0,135
massi3l,149,45
heathARRR,169,52
heesicajang,90,60
marcogomez,230,45
houstonshearon,210,60
horsie,170,35
marisageller,159,90
homecutiex3,160,75
hollaferheatha,80,45
mark07032,95,60
marko_salonen,110,35
marlonpereiraa,117,75
gurlygirl3111,90,45
hhartz,158,45
marqie06,225,75
marshalyssa,139,35
hessjd,100,70
martymccolgan,156,75
marwantarek,107,35
helloimsharon,88,105
helloamber11,95,35
hell0mimi,121,75
marymoe314,208,81
hgarcia613,116,60
guganoce,122,45
meldiane,60,45
melltweets,65,45
gd_,165,35
monkeymallow,190,64
moomella,209,45
moovieman2200,110,60
morgan6503,89,75
morgangriffin,107,45
gabrielarosa,130,45
mountaintopgirl,152,60
gaabriiela,92,35
mommykm,150,35
mrs_chadwx,63,66
funkylibrarian,80,45
mshecksxtc,85,60
msjilly1,90,90
frumai,122,35
muscati,95,75
mutiger,100,75
fremde,85,54
freak_pudding,75,45
mwood22,50,75
mrscb75,140,74
forwardviolet,130,58
mlecount,0,45
mizzjblog,110,75
mementoxmori,202,60
grubworm52,101,35
mermaidmami7,116,35
michellex1,140,60
microphallus,100,70
mihaigheza,115,45
milancheee,100,75
millabaybie,53,35
greeneyedmissy,188,45
mkmcmas,200,45
milli96,115,87
minni009,137,90
gomark2,181,35
missailema,0,35
missalbaxp,115,75
missbi,150,60
gisat,167,60
missknckout,89,90
giloria,150,60
mistressmacabre,117,45
mingninja,100,35
05MustangGuy,90,54
zzzaney,160,45
amykehoe,127,45
Nnoruka,123,35
IlyTrevor,160,35
Caraamylee,110,60
Captain_Twittez,182,35
Captain_Jester,0,35
TheHalfShow,70,35
CaptainJarek,49,35
IndiraDiandra,115,35
TheRealLadyP,58,75
CandyceMelania,139,75
Invisiblegal,197,35
Caligrl34,88,60
The_jon,147,75
Theunis48,166,45
Noora22,134,45
NikjamMeena,959,135
IsobelWren,125,60
Nicolengo19,80,35
Nicole1177,240,60
Nickrob,301,90
ItalianaXOXO,178,45
Tim_Kelly,133,60
Tinoni,90,35
Netmums,112,105
CBickers,130,35
Nela31,100,90
Tok3,120,75
JBondgirl,110,75
Neilabetic,191,124
JDavidson_1988,63,35
CJSOUNDS,235,105
JE_Turcotte,200,75
Casz86,202,75
TessaMcCrory,160,75
THEANDRA1,212,60
TLC_Babii,100,60
HeatherLMas,95,45
TROYREAL,154,35
ParkerMama,154,60
Childishnmy95,250,75
Taamziin,175,45
CherinHabibi,94,60
TaliErin,180,35
Heather_Brezo,187,90
HeyMaandy,265,45
PamelaHelen,175,60
PH_Alerts,59,75
TallnNJ,136,35
That_Guy_Cody,60,35
Othersidegroup,450,35
Orlaighxo,76,75
CharlieN27,93,35
HoneyHoward,160,60
Tash0718,115,90
HoratioTheCat,104,35
Tazk,53,45
Horsefag,100,60
HowardSternJnky,139,105
Oh_My_Gosh,57,60
ObamaDeception,72,60
Nyl0na,80,35
CelieCell,120,60
I_AM_TODD,200,75
Cathy_mowbray,178,75
ChazHasWings,110,60
Chrisvdberg,246,75
Britt7094,170,75
BreeMendolia,77,45
BenGenZone,125,45
Urbanoutsitters,198,45
VABchBoi78,98,60
VVasiloff,110,75
MrWibbly,72,105
JeffMirisola,137,59
JeffNeaseJr,135,35
Jen907,80,75
JennaRGarvin,114,45
Mom_26,95,35
Beatinghearts91,86,45
Jennawatts,125,45
Molliegel,135,60
MoeySantos,90,35
BennyAGWM,35,64
Bambimausi,169,60
MistressBonnie,45,60
BadLadyinCharge,260,75
Vinnie16,65,35
VintageRecord,150,35
Vintagecondom,190,35
VitaminGem,60,75
BabyDoll179,120,45
Babijani,88,75
BRiTT__,84,105
MisterDelfin,187,75
Miss_Wizz,80,45
AwfleAnouncing,106,45
WHTGIIRL,70,45
Averystorm,260,60
JenniBabyxxx,250,60
Brenlo,65,75
Jazzyphayy,37,35
Jared_,150,60
NayaMar7,83,60
TravisLaves,102,60
JMackEsq,263,35
TrishSays,160,60
NYYanks2009,155,60
NTVP,96,35
TristanAdam,128,75
NRichienews,25,45
NJTransucks,83,35
TroyG80,134,45
NJHansmann,170,45
Tuggham,95,35
NCully,122,45
NADX,162,90
Umsatz_Agentin,120,60
Jacq_DeVito,136,75
BlondeItaliana,93,45
Blactuary,0,45
Twisted_Studio,110,45
JaeRaeMac,201,75
Jalenarocks,161,45
Birgiieet,120,35
Mymacgeek,180,45
MurderJoyWrote,190,105
JaredLemine,75,45
MsDerp,182,63
Satho666,110,35
UN0deepbitxh,124,45
BethiesGuard,92,60
BerniceJMiller,87,35
BloodEmblem,75,75
Waimu,111,75
PhilBawdy,130,105
CoCo171,80,75
Shawtysofine2,130,35
ShayBears,243,60
Dee2450,120,45
SMKelley13,90,45
Emily512,146,60
RyanRancid,125,60
DebolinaS,99,35
SherryMote,81,35
DebbieBenstein,92,35
DearestGoodbye,78,60
EmilySpezia,148,75
EnderBarney,136,90
Erkers,73,35
Esthiix3,137,60
SOleksy,300,75
DeSentia,126,35
EveWolfe,60,35
ShirelJellyBean,38,90
Shmorgie26,0,60
Shon22,124,45
ShootGunstar,150,75
Evilpaintball,60,45
Rowann3,166,90
Darcy4321,84,75
Danny8D,90,35
ShujaQadri,62,60
Ronsho,119,35
ExclusivelyZAH,66,75
FAEVABLESSED88,60,75
FLORIDAroyality,160,35
DeLynn_D,92,45
DannieOBrien,120,45
EmilieeD,155,75
EmberForever,120,45
Savage81,155,75
Dons2010,253,60
Sassy2615,160,35
Sario8neko,131,60
DjDizam,91,35
Sarahjabbs,160,35
Dimplesshop,170,75
SarahRL92,100,60
Schmander,110,45
DrewRobbins,85,45
DrunkenLullabyx,190,45
Schneidosaurus,140,75
Scourfield,105,45
Dunncor,165,35
DeeNeeSee,220,45
DexterEvisu,170,35
SammzzHi,83,75
Seanngjunxuan,144,90
Eilis90210,126,45
ElleFeline,95,45
SerenThomas,160,60
SerenaDea,107,35
Sabiroo,110,45
Seshan,133,60
SaaraaH7272,80,35
Delbhoy1973,144,60
Shadow229,80,35
Elliot4Erika,120,75
SaadiyaK,115,60
ShanynWalsh,178,75
Dethpwnie,62,90
CliveMcFarland,62,90
SiobhanCancun,107,45
DanielleAnte,54,50
Glasses_Carole,120,45
GoddessAradia,46,60
REDVIAR,218,75
PurpleSox9,0,35
Gordon3fold,75,60
Stephene_Mishel,105,45
Psalm151,68,45
CountryroseSC2,92,75
SteveMarinucci,116,75
GreenEyEz523,105,60
Stitchmunk,130,88
Prisqui,150,75
StylishWanderer,80,75
ConfettiCupc8ke,70,35
GillanKing,80,60
PrettyFliiNuNu,160,45
PranksterPixie,55,35
Pr3ttyRicki,125,45
Posh_Panther,185,35
HMHarwell,0,35
HPTwilightLover,251,60
HalZero,33,45
Podie9901,130,45
HardHardTruth,125,90
PhotographerKid,198,60
HarleyBliss,113,90
Coggi,105,60
Supernature91,310,60
PhoenixonFire,116,60
Swanbot,125,35
PreAtlas,90,45
FMK34,256,60
Craigyboy_81,110,35
Genni_Penni,193,45
RobTassy,110,35
SirahFab,95,45
Dane200635,60,45
RobAlmanza,105,35
Fatin06,116,35
FeatherliteInc,67,75
DancePlaza,182,75
SkeetMcFleet,0,75
SkinUpMonkey,140,35
Fellythekid,43,105
RenataMedeiros,111,35
FernandaRivera,150,75
ReelBored,300,90
DamnKashka,115,75
GergoAttilaFar,164,76
Redmar,92,35
RayleyBanana,172,35
FoxxyLayD,200,75
RawrsomeHywel,165,45
DGOJG,130,45
RatedRJoe,100,75
Southurngurl,0,60
DG1180,71,75
FreeGroceries,112,35
Freshiex,110,45
Fuzzhead86,87,45
DCookofficial,75,60
StefiSexy,200,90
GeenaCiambelli,160,35
Rai_i_Mien,122,60
DJ_MAXIUMOUS,90,45
Jennimac2207,144,35
Mrs_Muffin,200,45
Dorfuh,221,45
alexrobson,114,45
KristinSmith1,38,45
MaarBeus,90,45
alexperk,160,60
alexkerr11,121,60
a_policewife,110,75
aandd112801,150,35
alexisrgorglesm,0,45
aaronmb,120,60
Kate_Lynne,145,75
MRFREEKY,148,75
KristenBartolo,260,60
abangedon,65,60
AliceeR18,48,45
979WNCI,16,60
abbycco,129,105
MJSia,63,45
alexiscooper,100,35
alexinvictoria,75,35
KrazyGirl233,100,45
MISSKCR,78,35
9jerllim,95,60
KlemensFergin,120,60
alexwestfallhey,122,90
a_man_duh90,102,35
AlineVillar,156,75
Made2shine,140,90
KRIOUS,200,75
allybuttface,80,45
_apoetsmind,71,35
KuyaChickboy,0,45
1eu9h0ri8,0,35
AmyBaby_x,64,35
_carriemehome,160,35
Lauro4Liberty,132,35
27evo,384,83
Mar_Beltran,113,35
2eMuz,150,35
LettyBear,154,60
Keukaboy09,93,75
AmandaAntic,182,60
ManuelSanz,189,35
2tinkk,121,35
alicia4life,92,60
Layidua,90,75
Kaitlynx3,0,45
_hilaryv_,120,47
_nandaaa,23,35
KannieKane,117,60
_nod,100,35
KarinMenzel,190,75
Lawyer_Girl,250,60
LaurieTomlinson,93,45
KatieCoshall18,152,75
aboutliving,126,75
ajeung,113,45
AidanBoleyn,117,60
advan7,130,60
Kilgannon,250,60
Lmhdesigner5,185,60
KierraSaccoia,75,60
LizZang09,113,75
afylayouts,175,35
AdrianneHeik,144,60
aisadpride,70,35
Lisareizes,145,60
agaylinn89,82,75
agdymahoozle,84,35
AdaraSheaunna,194,75
LimkDragKings,128,45
AbbyERussell,0,75
aimee_lyn,145,75
KevinSaysStage,145,90
ahmednuaman,117,45
Abigailia23,257,45
KennyPilozo,159,90
LindenWarden,188,79
ahtiek,90,35
adrianneora,130,90
ajfreye,25,45
ak_xo,167,45
adriaanz,90,45
Lexiemclean,80,90
aleahsmommy07,140,60
Miss_Synful,155,75
Kimbers131,129,75
aldouskim,110,60
Katie__7,90,75
MA15plus,85,60
acceptmyreality,43,75
Liam86,138,60
AI35,0,90
KaulitzToyzXD,69,35
alexaelizondo,73,35
Lynniz,104,35
KayKatastrophic,65,90
accons,125,35
AlannaSibbald,112,60
LilC37,137,90
adamrahn,120,35
Kear7,155,35
LorrenKrilich,130,35
KimJonasson,250,90
Loraly131,110,75
Lolliepoop,121,35
Lockenmonsterx3,154,60
Lydiaa_Mez,117,60
KLaurain,148,35
Kristinacuss,83,75
MelissaIce,95,45
YanaHeartJonas,129,45
Winni2,240,75
Meganbobness,116,45
Yodalie,114,35
MeganADunlap,140,75
Annabel_Boyd,47,60
JorgenHenriksen,65,35
MikoPascual,162,91
LLamaInAKayak,120,60
LacyLeeTayon,177,60
Jewellpuss,186,45
Milenalr,122,35
Misheru02,227,45
Joss26,165,60
MissLexxie,153,60
JuicyGirlJulz,149,35
amalia_putri,122,45
Zanzibags,140,45
Z_0_E,87,75
Angie2816,120,75
LP_X,100,45
Woozle2009,172,90
XeroAU,60,60
XoXoJeliza,90,45
Joanjazzz,95,60
AritheGenius,60,75
Jlo22190,90,60
Micaiahb,100,35
0bzeek,260,75
Mencoshop,111,35
LMULABABy,87,75
JohnRayFowler,187,60
__cinnamon__,168,60
amenaagha,233,83
MelissaAnita,0,35
XxemilwexX,100,60
YOUwitthMEE,110,60
JohndenBraber,200,45
MikeWalker,110,71
MikesTheNinja,133,35
MelyssaRave,59,45
0mnicide,150,75
JesterBri,200,45
amannnnda,165,75
Anechoic,244,59
MissNigz,160,35
Mattymcneill,121,45
JenzBenz,150,60
allysonmarek,97,35
LaurenPosh,85,45
KwisTeaChu,77,90
LaSheyllSherray,129,60
Matthew_Grimm,217,75
Amy_Bubz,51,60
WhatAboutSam,135,35
_Nai,113,45
JennyKiwi,220,75
Mattblanchette5,102,60
Jennnnabobennna,148,60
amurana,124,75
WiccaBoy666,100,45
MattCockett,60,45
Julietterenee,68,35
WifeyMcWifeyson,160,35
JuliaMak,130,60
Zephilla,107,45
Mayradeaguero,0,45
WeatherKim,71,35
AspenRose723,70,35
Ky_hamho,120,35
Ziggybaby,160,45
_TheSpecialOne_,147,60
1990_leo_lion,120,60
MaxMacKay,47,75
_Chelswee_,100,45
_TakeMyHeart,190,75
bowsersoulstar,123,45
imykyl,157,75
robynemu,118,75
HeatherLynn407,136,60
blameitonme7,90,45
JessicaCavallo,185,45
Lillysun,67,35
enithhernandez,126,103
mspuppette,0,45
whosawhatsit,127,60
Grutas16,111,35
Johkool,125,45
DirtyBird4life,0,35
youngwatts,170,75
mehrunnisa,141,75
xris15,138,90
raiseyourglass,142,35
kelseysaurusrex,134,60
astynes,137,74
MeGAn__x__o,90,35
theferf,80,35
debeeeast,148,45
KenGillett,112,45
aburaglia,130,60
mistah_adot,123,45
mailien,152,60
msnikkijay,150,90
littlemissdoug,129,35
iLoV3m3xO,88,105
issajones,85,75
IanPhotography,111,35
wcoast1973,289,75
LisaJLivingston,198,105
jonshiach,130,45
nerelle,115,45
LeilaniARC,65,45
KatarinaDivine,100,75
taraiskewl,25,45
deegospel,90,45
Valalba,250,35
carlottap,150,45
miamalene,145,45
MinaScope,0,45
GarethPrice,131,60
1bpm,198,90
SammyMeltz,100,90
LoVe150,122,35
JesykaCouture,181,45
xhotin,125,75
melbbrowneyes,78,60
_Desperado,81,75
annaaa19,165,60
antar22,130,75
christina_evans,80,45
magentablanky,100,35
guykawasaki,114,86
artofcletus,100,35
lounedefrayy,156,75
shanut,138,35
pinkcarat,242,60
fieza46,90,35
andrewdotnich,132,35
ANF_x,110,75
hristo_deshev,120,45
tayalouise,73,60
iloveyardhouse,160,45
lizzzzzyyyyy,80,45
rkhooks,85,90
ktsteppers,102,60
AnnaTarkov,185,75
thisisKristine,132,45
Calvy7,0,60
dollbait,214,75
Traceysays,40,75
TLs4,146,60
gamefreak9310,100,60
joy_,149,75
DarlaFrantz,179,45
Tiffany_LA_Girl,120,35
AudriSaurus,310,75
atizine,133,35
noobde,102,60
barrister2010,145,45
toddvic,140,45
cowgirlchef,236,35
143Brandon,70,82
bblboy54,97,35
annistars,194,45
bleau,80,35
demobugmenot,147,35
sirpopey,92,60
kevinwinter,150,60
FtWashMDExport,165,60
Roo166,129,105
Kayla_Kakes,70,45
snarkykisses,56,35
emmrz,101,75
emmielou1387,114,45
danielemoore,93,60
mutairy,85,45
Its_A_Cyn,113,90
Jenna_Marie_x,105,60
TPolc,128,75
JLCF,120,35
takesunset,500,45
andrzejkala,0,60
StephC27,93,35
iamdelle,200,45
asiiL,90,60
KristenParr,65,45
Triplj4,83,60
ilychristian,150,60
KadenceBrooke,150,60
almostnurse9,172,45
cholosediaren,190,45
natsays,74,75
tripsdad,150,135
CaprielFazzini,184,45
jaytessie,205,96
p00per,150,60
sammichfelge,92,60
caroldonada,67,60
bikobiko,70,35
beanatx,110,35
alicerachelneo,0,75
shezbox,78,35
Patty360,82,45
dreyuhdramatic,87,60
good_heritage,63,35
azizk,75,45
Raniabubu,82,90
allgutsnoglory,143,45
samiamagirl,210,75
TeemuO,315,60
hyakkajiten,105,60
filmnadlanu,112,60
joulieboolie,134,75
_christyGIRL,65,35
LesleySmith,78,45
helenst,88,60
vcuspoon,120,75
nizhonisun,145,60
Chasex313,200,60
EMManiac,87,35
chades212,79,60
kalzonex3,122,75
kaitlynmueller,105,60
Rob_in_Grantham,72,45
Neesalun,127,35
Vareena,152,35
neilstewart,0,35
adriankhall,80,35
__dMan,87,60
Zaqoo,162,60
Donna_Reid,110,75
luck_runs_out,115,60
damnELECTRIC,50,60
AnnaLMachell,140,60
cAitxOx,0,35
MamaToBebeAdan,126,45
KathLat,170,75
laneybix,98,45
simsgalore,155,75
TWUC_Tara,113,35
OhBlee,167,60
KelseyKiss,180,75
ilunamanna,189,60
dean1991music,125,45
TheSexiestNerd,70,75
MYRPerez,80,60
digib,114,45
andrewcrawshaw,25,75
jasonmog,95,45
pixelscalpel,236,75
Adriennesterr,245,90
CremeOfTheeCrop,110,60
jemunderwood,137,75
RyanMatsuflex,93,60
crayolarainbows,77,45
mikearabitg,140,60
scoofy,300,75
Acoustic__Love,40,60
WALKERAR,122,45
tiffanyjmanager,0,45
estelm4,130,60
demoness2009,217,35
H2OPinball,70,60
kautharf,0,45
holycowirock,250,90
beansmomy,183,45
imlounge,0,35
ambboogie,91,35
xInfoWarriorUKx,116,45
liquilife,180,75
MiSSNARiN,251,75
vintageBCN,116,45
ladydawnie,130,45
morganclarke,117,35
rosie_hemingway,100,35
heyyyitsDre,114,60
danielazak,130,45
L_Renae,0,45
graffen,0,45
ryanp84,255,75
momoflip,125,60
MaartenSt,125,45
bellestarblue,122,60
librarybeth,306,60
MissBethAnn,64,45
KScharn,90,90
tracylegs,175,75
BoriquenLuv4U,131,35
gil_garcia,143,35
ChantalKrahn,160,75
BeckaKnight222,105,35
Ivy__,21,45
Toffeegirluk,0,45
mndo,192,45
AlexREWorld,63,35
IronChefShellie,85,60
Johnboyy,115,60
EvynnisSkeletal,165,45
TissieTC,177,35
MissMisery,219,45
uthrawr,205,35
Sheri102,182,45
eiraye,154,45
PartyPlanPat,142,35
MitchLinkmit,145,35
bochboch,82,90
mike_duron,80,35
Lawnm0wer,182,45
TammySassin,140,60
Mishapering,73,35
horseyperrson,86,35
rob1269,48,35
webbupdates,113,35
Kaine910,128,35
joanette,115,60
Bonkeerrs,200,35
kelseymaddoux,160,60
wolf_09,216,35
envoguephoto,120,35
061490,70,45
jemnaa,300,35
Saamia,112,75
ilrakmi,0,35
bawjohnson,300,60
Shpaige,118,45
Nieves_Herrero,155,60
rkb09,116,90
LisaCheah,180,75
OhioNewshound,178,45
Alexey993,106,35
musicalgator,78,75
miSS_MoDeL,350,45
lulzlix,0,45
zoelaurent,0,45
deL0SHous,81,75
leesh_mnc,112,56
KiddFloww,85,45
paolakoala,170,35
TEKUMS,112,35
hkhd,170,77
Hpaolini,51,35
Sian_Roberts,119,45
sarahscare,0,35
drfalken,185,75
JxWolfe,160,60
thomasshaw,159,60
sh880c,60,45
davidhbigelow,77,45
weistudio,70,35
limjiaxin,0,45
devotchkah,100,55
Katchem,0,60
hollyingram1,78,45
bplusgrl483,130,75
Dhanbuu,80,60
DrJoneszzik,133,60
BendyyStrawz,200,105
woababyitsbecca,75,45
Goeshi,110,35
CGThorn,90,75
luismemo2,102,35
Colehill,210,75
papayasf,120,45
bluemaiya,93,75
ims,140,60
eldames,139,35
scarie,124,60
Alex_Lamontagne,80,45
Coomy,61,35
JessCarrillo,122,45
ryanplevins,140,35
adamabbate,47,35
JimAlger,55,35
nezz89,0,60
Kimberly_x3,77,45
Abiu,110,45
FluidDarkness,220,35
bella42488,80,45
marixa310,80,35
troygomez,70,60
ndscott,140,45
Teelamcc,103,45
Princessgwen1,130,45
lozzenger,136,35
MatthewHass008,250,45
EJonas0815,150,60
MrStickdorn,102,60
peachykeenan,500,90
k_koehler,107,71
GillyCoop,110,60
mysticbanana,140,60
trevwoh,120,35
tramphan,181,75
twiter_twotter,123,45
helloimD4NNY,124,35
badtom11,98,60
gawd0r,180,35
LynZLeigh,72,75
gmemon,145,60
JeSUCKAfabulous,139,45
emily_beck,90,75
HeatherMaine,106,45
ginadelisio,167,35
jonhoneyball,118,45
hoodstar626,155,60
AkaiEngarde,123,60
MWeirdo,103,45
fatlittlepixie,96,45
violetbakes,167,45
kitzakatza,105,35
desde_debajo,57,35
AshleyLowery,145,35
dbkraemer,0,75
ddc1974,60,35
Kl0w,0,35
ChaniRiiell,0,35
ChantalKyle,63,60
iwuvwaffles,143,75
Starlady22,203,35
techfunky,116,60
littlewhiteliar,185,35
Degsyg,140,45
AmyBabyxox,250,35
DarkAeon,160,75
danielat,160,45
VanessaCorsetti,0,35
DavorinPavlica,125,35
hannahyo,245,90
jojo3508,92,45
chloejm,80,75
Musojourno,80,75
SupergirlofMelb,205,75
khartline,125,35
annamols,162,35
CassandraAnnn,45,90
UFO_guy,170,75
oliviaburtt,0,35
tereseas,137,89
hichristinah,135,60
kedrhodes,202,35
xXMuseXArniaXx,114,35
sugarmylove,208,66
theloz,90,60
cjsier,76,35
holden73,95,45
taralou88,184,45
MarchwMeaning,63,75
justjesi,100,35
RoeSaved,140,60
runpdx,106,60
daveknapik,107,60
Wandering4ever,130,60
JohnnyCleav,117,35
silverlara,115,60
skittlepsycho,35,35
ChristenLRush,164,60
ashhhftw,130,45
Antagonistlond,70,35
cassnav83,96,75
kurzes94,80,45
MsJere,122,75
ohokhaley,135,75
TheyCallMeEllis,112,75
maibui,42,45
Ali4Coach,320,60
spacefem,126,90
hkireta06,100,60
qthrul,135,60
faceonmars,101,45
13moons,113,45
ThineKristine,165,75
HeatherHeight,100,45
suzie_kennedy,131,45
TVbiancaa,195,60
bikeindia,150,45
ShawnEasley,203,75
Zacharoo89,160,45
myzone_ro,174,45
JoseLRivera,75,35
SDaviesDesigns,280,45
PackPastor,77,68
Erickia,120,35
priscilamizuta,210,75
leerob10x,115,45
Megann57,82,90
dawncomeaux,152,35
beautifulwife,85,60
pinkkitten74,125,60
sophieca,155,35
Wrud1205,55,75
Lulu_Bug,95,60
LGBTNetwork,164,60
alysonsmith1,100,75
jnthan,190,75
muphlus,77,60
SangreLatina29,150,45
travist120,150,45
lahman,88,45
rawrsomeDAve,100,60
lauravegas,130,35
throughthelens,98,45
xxNkekerzxx,180,35
artipatel,206,45
LithiumMind,208,45
Tonyanader,169,75
bigchadchizzle,74,75
daviddavila,183,75
shawnlee01,99999999,75
awzimmer,148,35
dereke,158,75
lycollin,125,45
audioanalysis,80,60
novemberl,128,60
goodguydoll,132,75
littlereview,96,85
milkshakesmelt,81,45
soberchic,120,45
arunmvishnu,260,60
_PromiseRing,136,75
Starryeyedlady,80,45
dannieboyTV,80,35
djjojoflores,180,75
Spike_Says,130,60
okweir,223,90
Janzychng,120,75
justaskibum,157,45
zeezeeman,187,35
whateverminger,166,60
PaulaCampbell,116,60
noiseboyartist,165,45
shearer260,115,60
f1d,95,60
aeriin,190,79
even_in_death,173,75
tweetilicious,60,60
Linziez,67,45
ChrisNatsis,177,78
Pv15jesus,152,45
amynicole421,79,35
markahaden,154,75
polkadotmouse,293,75
initrd,125,35
StephenDon24,65,45
Daaanii_,96,75
llordllama,85,75
ceeeliii,123,75
Mr_Markk,71,75
NeverYouNeverI,140,60
rlarocque,138,75
toshi_yoshida,30,60
mmmtsoi,108,75
taalz,115,45
grigs,137,60
Sugasugamama,95,90
Owennnnn,125,35
deewrd,0,75
Ryan014,150,45
professorgreen,93,60
hanna_bee,79,35
itsvero,113,90
N5NTG,130,60
arminah,90,60
shanaynay1223,169,60
SiddhiBirjanund,131,75
fifiklatich,117,35
iamdamnsam,168,75
lithgow2009,85,90
jsethi01,228,75
Wallis_Bath8,141,75
EvyNAF,148,50
NessRocksDance,42,45
ThisJessicaRae,245,90
serenity_neeley,62,60
notmuchtosay,117,35
TattooLuv,200,35
keepitfierce,115,60
_Niamh_,142,60
julieeehaaa,142,75
nasaiemsamarrai,163,75
LuCiEnNe04,130,35
mikaelshields,120,60
miapersempre,191,79
KRexx,150,60
shaelenb,80,75
EdwardDavis,61,75
DanNapolitano,176,60
Makorani,52,35
against89,70,75
LilyJeong,111,60
wmwdwrd,107,60
daneglerum,55,45
blueeyeddancer,185,45
BATYASMUSIC,120,75
andyphelan45,154,60
carekoba,117,60
tru24,250,70
Aakriti,67,45
pasheridan,131,75
DomoJae,134,45
Lynnie122,95,60
x_viper_x,290,60
EmilyPort,140,45
shelly_76,40,45
tideturns,200,60
SukieGirl80,73,35
titoburito,145,60
Sunshine519,148,45
MelLubbsYou,315,75
JonasAustralia,97,60
chowmut,142,45
wenderella,135,60
mollycarter2,0,35
milkncrackas,92,60
pdxfilms,155,60
Foxy_Kay,153,60
Enjoitk,103,35
paramore9521,80,75
mcrused,0,90
AmyTheStrange,160,60
arimanaen,82,45
Danig032,107,35
scottrodgers,150,90
madamebarber,86,90
3Dahlia,103,45
bexter,128,45
Laurenruthmayo,99999999,60
heidivi,108,45
littlejennie,190,60
WillJWeremecki,110,90
kristinbednarz,125,75
PhilipGoodbody,0,60
stefanhapper,83,35
slc_slc,173,45
keri_mitch,145,75
iwanverrips,318,75
Kelly240680,296,60
AndyElusive,110,45
Sandrajlawson,215,90
CariWallenberg,200,90
redguitarfreak,131,35
aboutdonna,95,35
lookitsholly,134,60
Txangel17_24,99999999,45
CrispCoCo,129,45
ohshitsolegit,100,45
heartbreaks0ng,198,90
BondServantLZ,164,60
gettingparental,144,60
Pixie_Tinks,176,45
yuki_fujii,155,60
SkylarkingClare,130,45
xinfinityx,103,35
GraceDanni,80,75
mileycfan93,154,75
guendouglas,211,45
LauraStevens,250,90
yvonnejonas,240,45
onlyamitabh,70,60
LizbetSanchez,112,35
JenniferGrace7,87,75
AbbyArtemisia,150,135
k_griffiths,90,60
JorgeMudry,76,60
MrsGrrrg,112,60
myra_98,127,45
JustZGirl,121,60
callmezippy,120,60
funkingr8,110,60
jordansprague,181,35
unxpect,225,75
lauralou_93,0,45
PourMeAShot,110,35
Mishal16,70,75
SpondeeDactyl,90,60
NGowers,100,60
AnneHawley,68,45
amayaone76,180,60
Naukri,75,35
Joey201,341,60
wayjay83,84,35
MirthaP,118,90
TrashyCandy,198,60
DelanieAnne,222,57
littlevincent,202,60
COOLESTKID101,70,75
emilyrae13,199,75
mynameistisya,130,35
Digiqom,201,35
tsuper_abby,125,90
LOA_Studio,184,35
KateyEatsPrada,81,75
mynameisdustinj,135,90
dabootski,275,45
hooligannes,173,35
Nattalk24,86,75
kaycrawfo,105,46
x3cheesecake907,71,35
Tropicalia3284,120,45
majik00,138,104
argow,178,75
MarinaCG,185,75
mesamoose,164,61
pairit,300,75
McG20009,464,90
AlyssaRoxanne,475,75
eimbesi,120,60
Beyhey,180,35
st3fft,156,90
chasekino,65,75
tonfue,99999999,60
yansie02,40,60
BadAstronomer,78,45
azhrien,136,35
Songirl,176,45
davidnikel,142,60
Yaffler,150,45
b0yvenus,159,45
theweirdo,178,45
xoluvmeganxo,0,35
ReporterHaley,68,60
hollyhalvorsen,137,45
andrewhli,135,60
KimmyKat44,125,35
jxe520,156,45
rdickerhoof,125,60
cmisak,90,60
madaskatie,125,75
heavensent2619,333,75
TeiiSha,125,60
MiSSJanEtx,75,90
JessMoreno,130,60
MyerJo29,197,90
kathleen_joy,100,35
Shimoku,145,60
himalia,70,35
justinarei,205,75
Tristian25,145,45
lauracarneyxo,247,35
Ineedmyfix,352,60
LeanneCawood,42,90
XxSceneOXx,200,45
bethalicious,217,60
AmySnow17,122,35
Adenise7,167,60
AmiFerrari,153,75
BayChildcare,110,45
Techn1x,63,45
angiefranklin1,161,60
NillaCookie,62,75
Jlo1977,150,35
melim0nster,135,45
xxprettyinblkxx,125,45
NoodlesForFlora,250,85
williamjone,123,45
BrandnewJAW,99999999,35
megmc08,121,60
IonRendall,400,60
m__2,163,61
ITStudios,157,60
kakiang,19,90
jessicuhahax3,182,60
tyehill,143,60
alanwata,0,45
mattzoo3,162,60
cupkaykie,191,60
mattspaid,132,35
myloismylife,200,75
Dirty_Huge,139,60
AnnaMarieBrewer,57,35
Shelbss2009,104,85
sexy511,120,45
PeaceLoveMiley1,150,75
MantaTravel,90,35
txcowpatties,364,35
SteveCrohill,102,60
babyhellsyeh,102,45
sarahrebecca12,104,60
shannonecollins,266,62
JUNKandPO,200,75
miss_smirny,300,120
mandajeanjb,245,35
radio_schizo,230,60
roxzerosix,110,60
kbmama,53,35
JenniferLopez09,110,45
josalina,123,60
beeboent,81,35
PoliBinder,0,45
CheMiRacconti,165,75
rxtheride,200,45
Astaryth,375,45
mikemacmorris,90,90
jennanicole,146,75
Marilou1970,110,45
Deeeda,123,57
ImWendy,120,45
gennaa92,120,45
ssabz,95,45
3ofH3arts,146,60
Silvara7,150,60
Vinglehoff,250,35
JoannaGoff,188,75
Umatter2Chtr,89,45
GerryTierney,0,60
SirJoshuaJones,110,35
tweety009,182,45
DylanTheWeiner,190,60
MarbleBlast,0,60
suweiG,135,45
philipstears,133,45
cindyongko,73,45
kris89,125,60
jantheanimegirl,210,60
CourtDog29,100,60
SimplyGaby,40,90
whereivebeen,180,45
rochiucyrus,210,45
fally87,65,60
emilyb,150,35
Julie_09,190,75
hubertallen,715,90
OhEmGeeSolece,145,60
willisface,140,45
hateraide602,100,45
erinboyd,87,35
QuirkyPianist,184,45
xanzippa,145,45
30superman,190,45
MariSotoD,150,45
lin_made_scotty,89,45
Stacerella,66,60
dinolovemims,145,45
dlady37,0,60
SoFlyCEO,86,75
sssshannyleeee,0,35
lcart_06,161,91
doris18,76,60
dd_l,81,60
FaceofFox43,0,35
glittery1zie,142,60
baristaonduty,80,90
raimalarter,120,45
leahmedina,232,45
johnlukenoff,98,35
drnancystudy,190,60
evagod,55,35
erincorrine,50,60
lizmoney,90,35
xXarcticangelXx,114,90
Lauren_Quigg,200,35
mattwdelong,99,45
MandolynnWinbun,84,35
BrwnSkinBeautee,187,60
stealthsushi,125,48
cynolive,160,75
slickchic154094,120,75
MykelLande,60,45
purpleyez,67,35
conrad2010,464,90
lee_bee,99999999,45
laurenpollen,86,90
cassie34,300,105
naomijlea,70,60
bwalkk,0,75
clementop,165,35
misssammyantha,130,35
KaeleeK,200,65
CharlyRia,70,60
philknall,199,75
musical_storm,205,60
bartjohnston,190,45
Ashleyx123,175,45
snj1015,98,35
tootsieroller95,100,35
enaaarz,150,90
Telana,260,45
chie2287,170,75
MissKlutz108,99999999,35
pjaramirez16,0,90
JakeQuinn,196,60
lisagentile,101,35
imsolodol0,120,75
JLo4rmCali,111,45
dondon1985,126,45
jnaci,84,60
fanyechka,48,35
JessDau,106,35
Nalija,120,45
annuhaftermath,155,90
CARLITO024,92,35
chloedorrington,27,35
zachkleinwsb,63,60
karahendy,122,35
Athena1310,158,76
drval,96,35
jodadddy,71,60
chescaaaaa,141,35
anup_99,74,35
McLaurax,300,35
Wilbursan,0,35
DriaS,193,75
LeanneMaskell,150,45
BinnyPok,100,35
GGGKeri,104,45
gorgeoux,85,75
PatricioH74,90,45
heyheydesireeg,165,75
BrennaCeDria,101,35
SarainKingman,182,75
heidiheartshugs,50,60
MollyRoseGunner,90,35
urakunraccoon,131,75
megmacdonald9,70,45
marlon1992,62,45
mdcookie,124,45
twolamb,143,35
MysticEclipse,105,45
orangephoto,130,60
jordachewee,143,60
RahneX,130,35
CocodeMer19,230,173
TLM26,105,45
davenyss,105,75
kellynadams,120,45
IfUSeekLizzie,0,75
AshleyCollette1,170,35
SerenaSweeting,150,90
helikitteh,125,60
marissagaskarth,107,60
shannonminion,145,35
helenzebcharles,135,45
emmariia,200,35
Tigger543,155,60
emliqua,200,95
JUSTIN888,218,45
JustaSoulchild,164,75
Celbel5,139,74
amour_le_cinema,237,35
Chad_DC,130,75
holy_ostrich,122,60
babystacy69,120,75
amiller2008,100,75
sashaefierce,75,45
itakepeektures,164,35
RaelynnCrue,114,60
LenahBBY,0,60
digiash,185,45
XxKaTeAnxX,70,35
thatguygil,152,75
grapes_of_sloth,382,45
terhechte,165,45
xGLR,163,35
AshleyAlyshia,216,60
d_cuevas,213,45
frozenwell,105,60
electricfeel21,81,60
girlieacc,0,60
Sonicray,143,35
BeccyyJanee,183,75
ashleigh_hawkes,0,60
Skatiee,318,77
ailbhehayes,99999999,60
DanielleMWhite,215,35
Dave__O_L,165,77
LSizzle,0,75
Victoire25,114,75
egrimmer,204,75
ronnie_anderson,110,35
ayaanigan,356,90
AdourME,64,35
joyjoyy,112,75
maplesyrup522,122,45
djsteveparker,118,60
Crystallwinter,105,35
StellaJulian,104,60
devotion98,125,60
MakUpDiva,140,35
devil123456,200,75
xojonasgirl17xo,85,45
CourtBaby92,0,45
arik0820,130,60
dcdollface,150,35
KeedyKat,0,45
KellyBabessx,122,105
Belles86,110,90
kesianna,200,60
linnzo,120,47
emilygarcia7684,66,75
DrMomma,143,120
tmit22,88,35
mercuryvapour,104,45
hayskamil,19,35
bobbycapps,143,35
HeathenMaiden,142,35
vika_,100,45
grandchaser,135,75
myounghans,110,35
gillmcl,143,60
gigibeex3,0,60
musicp306,150,35
iRachie,205,75
geegatessxoh,120,35
iamnotbr00t47,94,75
mregg,147,60
bubbleupweb,150,60
cubsmagicnumber,45,35
burntsugar,110,60
Roqked_out_Tink,85,35
fpsdavid,114,45
pjkss816,125,75
caitlinwilusz,154,60
iv4y,100,60
prophetfxb,75,60
farfoo,400,75
r11thy,75,60
janicemackenzie,141,35
Eden_G,419,45
bbalfour,251,75
AlertNerdMatt,140,45
meshia25,72,35
MornelleKid,140,45
NewAgeSelfHelp,89,75
UrbanSocial,115,60
DenverFrank,158,45
BethRoseWilson,0,60
Leahhbitch,135,75
sweetkisses414,97,90
CHEVY28,160,45
Kulljit,33,35
KristenKreuk,170,75
soozbow,75,45
chayce,110,45
krystalsays,170,35
kristeyboom,0,75
cryslovesjay,97,85
killarabbit,90,45
NoahFuLing,0,75
manuelammm,233,60
princessherb,200,90
crabnatree,96,60
mandy_88,100,60
caitymarie,180,45
WhatuhDrag,142,35
bs95_x,145,75
CrazyFloman,140,75
Amelia_Broadway,161,45
AilsaNewson,208,35
mini_mama,144,105
KimSisson73,275,45
VeloriumCamper,157,35
scrapventure,101,85
HastaLaVegan,200,75
AaL17,260,60
paulwalk,40,60
TypoPanther,139,60
jennbrown,142,90
moburns67,225,60
Valv30,99999999,45
Bini09,0,60
saraboobeezy,158,75
heres_gigi,148,45
azizijones,50,75
mw0116,70,45
Chelss182,187,35
jamief00,184,45
ColvilleHouse,250,35
AmberIleene,174,60
mattbender,130,60
scottmaiwald,138,75
ozhut,90,60
sabinemetz,400,60
tygerjones,135,35
renerbl,125,45
ashermendelsohn,175,35
FaLLoNLiCiOuS,200,45
threadless,150,45
BoMilfa3,274,75
Karaabeara4u,130,35
the_hit_man,78,90
chloexoxoxox,160,75
BritsCreativity,120,90
creditgoddess,123,75
reneestam,99999999,75
jesserker,413,101
patward,192,45
luciditymc,78,35
DANIELLEWALKER,400,120
ofslamit89,150,35
rosyblue,167,60
BarbAtSea,137,45
immjusthannah,155,60
Pure_Zen,0,35
autojoy,140,35
msvindicta,99999999,60
kpcruz86,117,60
gloriabaybee,136,35
sweetiejoyz,187,60
marj0488,160,45
Jaded_Crypt,0,45
GirlsRockRadio,442,119
AshleyBabyX,85,60
TrinaQueen,108,75
leanwellback,254,45
danott,71,35
SammiSpatz,30,45
zombiejess,226,45
Doonemyster,125,75
Genn_org,170,60
JodiBredekamp,345,35
L_y_Z_a,606,60
questionmark7,68,60
suyuen,91,75
dannorris,466,35
KayTeeMusic,349,35
KingCharlesI,120,90
EmilyK4,166,75
iamdels,160,35
CeehMonteiro,104,60
albalopez,167,45
Ayo_Cave,100,75
pinkpeekaboo,300,75
nicatica29,345,75
timjr,35,45
sharonthefruit,0,45
FadiPick,210,75
danshmalo,102,35
bill_slawski,140,60
Grimjim8000,79,35
gasass,109,35
Lhasapso,107,60
Yulianny,92,45
fdrake,88,75
Nell201,92,60
madhuprakash,60,60
scollard62,165,35
luvlyfemusic,168,52
jennyxelfxo95,213,45
gemsc28,130,60
JustmeTere,120,72
tayaa24,92,35
MARSonian,280,35
AtimaJLui,80,45
nokking,150,60
lojoyce1,93,35
smileygilds1234,110,35
mizzlizwhizz,243,60
Mena0313,125,75
laurfoaryou,78,60
revolver01,277,45
JessicaKardynal,98,45
iloveyoujensen,140,60
uhhliviagray,116,72
rachelmichele,254,45
shyfifi,156,45
Red1086,0,35
Rainbow_shots,202,35
jpenni,117,60
24Jessica48,120,60
honeymatthews,80,45
devindennis,219,45
courthasfaith,96,75
chrisloos007,95,60
Kelzbelz313,72,35
Derek_Is_Cool,142,60
Kaylias,0,60
newsmanlewis,131,60
jakki53,112,45
MomonMars,111,45
pitchforkblue,0,35
willia4,132,60
ElectricNights,141,45
ctdannyd,163,35
varicool,175,35
WadeOnTweets,92,60
Volcone,105,35
ashcc,100,35
BryceChandlerHi,142,45
AllyAyr,100,75
FindingKristy,114,75
missy1994,158,35
taylorannxo,56,35
ronaldlokers,79,45
angellittlel,165,60
ABeautifulLiar,54,75
gnetgarcia,125,60
madwabbit,90,60
brettpayne,147,75
tipp_princess,118,60
JoannaTx33,170,90
kell1700,210,35
jaimegrey,132,60
DavidRainey,295,35
Murphy1981,100,60
Chuck972,102,45
Idoula,131,60
mikkimatic,115,60
mikerlawson,152,90
KaShe0121,95,35
mikebdoss,145,75
HattiS,160,75
sup3rmark,56,45
darling758,106,60
jasedit,112,35
jovianjake,90,45
billisixkiller,120,45
valerimendez,66,67
paulcarsc,185,60
PTWalkley2009,177,60
Blaqness,220,75
IKNOWIGOTSKILLZ,177,35
MeganFordd,155,35
simontran93,391,45
thegcat,210,35
singerbby91,170,45
VanessaAmanda,350,75
labchir,160,35
Irish_Jean,125,105
NeziJ,104,45
HelloNurse20,125,73
morelia06,118,60
XKateLouiseX,202,45
XXXTYKILLERXXX,208,45
glutster,199,45
sarahbarry,97,75
KyleHorner,0,60
nakachiri,67,60
kidologist,100,75
makeupdiaries,144,60
cactus_no_thorn,100,35
Danieta,110,60
dinkdesign,87,45
skyekat,149,45
Enamon,241,60
tessaboe,93,60
EmmaFentonWells,240,35
veryytrulyyours,48,35
fionag77,160,45
ChickatOU,251,60
sachinbee,107,35
BiteMyMars,200,60
stealthygecko,95,60
MajorMario,120,45
Gooooday,112,60
allybean08,115,60
taylordeupree,174,35
kikolani,198,35
sheiseighteen,130,90
thedoomeduk,229,35
sydney_sider,126,45
anhyeumj,210,75
ASWinn,41,79
angelachou,75,45
carmtech,300,75
derekreeve,300,60
jfahrenkrug,106,60
longoria07,265,45
romeoman,48,60
lewskie,366,75
MiaCovington,56,35
jnmoses,130,45
ScrubMcmuffin,167,35
rzrachelzoe,157,35
Rachel_McLovin,111,45
rhihug,324,45
kaymac25,189,60
dcthomas,205,60
laurmooney,100,75
Diego0290,140,75
Drake250,166,45
matthewof1985,222,60
urkman25,285,45
erinbery,66,60
FlorenceDijulio,215,60
JoBrosandMiles,143,90
stargate_barbie,245,60
_shehleee,190,75
JakeS,90,44
johnshoe,253,35
jacquerowland,69,60
ilikeprivacy,98,75
megiecakes,230,45
ROXTINA80,143,60
Rsmith7426,188,75
Sandemusic,224,75
motoxo,70,75
PamelaManly,196,60
jessiecake,92,60
JKs_divadoll27,214,35
rebelgrrrli,190,60
sammz74,310,60
emkraus69,110,75
cbvictoria,194,60
cayceleigh,200,60
EdgarVerona,97,55
SubhiG,155,35
OperMigration,150,75
WhitlocksGirl,50,95
BlackVelvet99,220,75
bodomknight,150,60
watergirl61687,75,35
LuvMatthew,99999999,35
shimmerystarr,318,60
ten_minutes,105,60
jburno,160,91
deadmansfury,80,45
lacupcake_xOxO,79,45
alpowell07,172,60
deezyy,100,35
tuotierugif,273,45
bernen,0,35
empian,200,60
lovelymassacre,142,45
scarraway,350,75
melanieliane,166,75
Sazchik,145,45
understandniche,200,45
Ronjayy,204,35
mrdaveyd,49,90
brianhenryphoto,0,35
padyourpaycheck,80,35
Idolfanaddict,80,45
hypnophil,0,45
dispraise,167,75
ichigekidojo,62,45
alicemerino,144,75
jecates,0,75
deussubmachina,72,60
tneogi,178,35
fgaucho,128,75
4lyse,100,35
TheSoapGuild,110,45
shaniafan339,90,75
kmconard,169,45
modbird,90,35
amiraruzuar,150,45
davedawes,136,60
dragoncalledk,158,60
xDanielfacex,231,60
lilmui,256,45
_arien,110,35
ramdonomo,250,75
meyami,85,75
Sweet_Olive,325,90
RobinEWalker,196,35
josephpeterson,138,90
lrkane,289,90
kubbur,152,60
baboon_40,150,75
jenny_gonzalez,54,45
Jehiyeh,120,75
LadyJaySoFresh,95,35
projecthopeful,200,45
crzysttchr,83,75
danikaswanson,101,60
nancyadoresjon,171,60
Helene064,179,75
Nemy_girl,95,35
theEmzi,104,35
evelynesperanca,154,35
tangomecrazy,130,35
SiobhanDullea,113,45
cassandrasnow,0,45
musiclvr99,123,35
LovetheEarth,176,93
meryreino,152,45
laurennicole15,70,45
DiVA_STARR,175,45
juliechungx3,350,60
arushimishra,151,45
mscarolinerose,242,60
MsManagr,180,45
den1110,131,35
foreignconcepts,180,60
sbarnzy,230,45
CrystalF,0,75
dangermousekin,85,35
kesdshs15,120,75
littlekrisee,80,45
neptunemonkey,83,60
jyamasaki,313,60
grandmusings,55,35
cornify,211,75
Creapofluigi,94,35
nonnie13,160,90
lloydbee,140,35
Up2DateAnth,144,75
GunungGirl,173,35
CuoreCaldo,189,35
davidfsmith,157,45
jordancorinne,107,45
donhalejr,130,35
weevil_jing,57,41
bigeye21,170,62
Nekokitty010,140,60
RowlandHobbs,244,35
EsooverGo,110,60
swedewop,110,35
RyanEsq,44,60
finkislove,350,35
Eliz_Pemberton,148,60
abhishekthakore,155,75
janieexp,102,35
jcRillz,305,75
summawhat,214,60
Monicavee,210,60
coolitserika,218,35
carolinamorris,0,60
iMoayad,121,35
audrizzles,0,60
DeGuzman110,183,35
DearKimmie,0,45
joseemiguel,67,75
reubenyeah,197,45
Adee_9,60,35
bridgetnumber1,150,45
happysnocone,240,45
richiewang,180,35
tinyloudmoron,318,45
OllieChapman,87,54
aylanha,135,35
jennyin,250,35
christian_uhrin,100,60
rylsha,0,45
VickiBlanton,82,45
_BlueBerry_,275,45
nathanirl,360,75
emzgirl28,85,75
GiGisOssum,135,35
emmarose903,97,45
meredithsever,0,150
AnnaDuffy,172,45
laura_ashley,416,75
Dotseoem,300,120
joannbanan,96,35
7angela7,140,35
HattieMichaud,112,71
LilNadi,90,90
Lady_Nihon,165,35
DeeElliot14,214,90
victor_m2e,297,45
yanyan15,95,35
tempyjo,0,60
brownbabyorg,146,35
MarcPerel,123,60
ladyracho,100,35
JBlock76,126,75
mariapage,390,75
subs08,120,35
esskayy,292,75
simplydorky,180,90
maryisstumped,90,44
Karrboo,0,45
TeahoGrandberry,335,75
Savannah_Banana,47,35
XPsychicVisionX,74,82
alisonsketches,51,60
ria_ballesteros,94,60
gingin1516,174,75
JLDunleavy,149,60
USApotterfan,100,75
v1cks73r,113,75
chenzy007,119,45
reenamandora,180,35
n_ur_dreams,157,60
BruceMC,143,35
Annied09,147,45
GrowinGreenBums,165,35
tigerlily963,163,45
padmajaC,161,90
yadadanika,108,35
StevenJonathan,93,90
vallielg,216,35
HaninAbuBaker,80,35
phaag01,200,60
MileyIsAwesome,107,35
halima12,107,45
zachnfine,176,35
JMMAgroup,303,75
Court_n_me,229,75
onesquareheart,183,75
luzcelena,85,75
Lizzie8,100,55
nixeabeau0917,165,60
fakebarbiie,203,45
2legit2qkuit,0,90
Lindzzzy,300,75
Webliquor,100,85
MITCHYcamefirst,173,60
poisonkayT,265,35
tommcfly,293,60
MysticFallout,95,60
mynameisharry,283,45
chcholman,450,90
NazzNoor,225,45
alonbj,191,75
gelstoid,298,45
willabywallaby,142,45
Shirlendra,260,45
larrizaabog,55,35
Kelky,175,60
itsashtonnn,130,60
clairehforward,186,75
frogette38,285,35
tophermartini,151,90
CarlaLarla,167,45
AraDeeBby,77,75
franzixo,120,35
binkythedoormat,172,35
katie4real,205,60
natalieann_xo,103,35
Dancer4Life13,120,47
AllenandCraig15,132,60
ImSoKay,186,75
MatthewForzan,186,60
PeteStump,90,45
kandiiefreak,82,35
cellycmo14,86,35
MinHarpeR,100,35
gfitzp,274,105
kuuraaa,230,60
deet09,100,45
greatswifty,208,60
crystalbeatrice,130,45
Natali333,200,45
Muffinmouse,227,35
foozzy,0,35
marypereira,106,75
Finna_kill1,243,60
christinakmai,106,46
athelene,219,75
Kelly_Stu,119,45
CyberManin,100,35
aramc,125,75
ktbryant,99999999,35
Saptosa135th,200,45
LarkinBC,98,60
n3lamlam,108,45
EricasAwesome,250,60
xhersheyxbaby,411,75
mightytracks,17,90
AvanikaYB,330,60
eddiebush,150,60
Ericatwitts,159,60
aussiemily,117,35
sQuyyyznoes,0,60
khilo,200,75
Duffm06021979,205,35
cebuana0827,208,35
autumn0909,122,45
machinastrictus,120,57
El1217,180,45
heikegall,80,105
aubyellow762,125,35
zpiicv,140,35
sassygurl80,200,60
sandeepkkothari,100,45
seddie_team,170,60
CatChicIsMad,242,35
chasing_olis,130,45
twitrfail,225,60
AddieDomske,178,35
brooksieboo123,174,45
tiraslee,140,45
KatieRiopka,150,45
coliestagz,200,75
AJ_ARCEO,84,60
WildWonders,217,45
BeeBeeTreatz,478,45
mrs_orman,148,60
AmandaWayne,189,35
Itsinyourhead,100,60
myrellebarboza,0,90
omucuromu,68,75
FatForty,0,45
tbone4lyfe,67,60
Brandonterrell,125,75
Alejandra22492,161,35
roscoeellis,150,35
laughalot07,144,45
Angel2003,0,35
kingtwitte,250,60
Flensa,200,75
cheryl3660,250,90
cnrundle,55,35
kitten_bayne,90,44
FieFieSoMajor,200,60
SharonnMarie,188,90
megronomics,250,60
Santzzz,115,45
JadeLT,105,35
joylynjaelway,424,75
Locovi,190,45
kkyno,78,35
BigWang,0,60
h4nn4hhh,128,45
pharmacyfun,110,75
kimmiran,55,60
zimmermana,133,60
rkalajian,156,45
DanzG,400,60
MeerSuechtige,190,35
adaliaa,324,45
pattyiscooool,0,90
ponlawit,125,60
KimmyQueen,155,61
Prov_Sez,0,35
SexXyBlackinese,207,35
lukethewaiting,110,60
vintage714,167,35
MakariaFarm,233,45
paigespencer,240,75
RichieBasquine,104,35
dustingarron,172,75
Sally_girl,314,75
KMorrow78,298,90
rocha,208,45
TvSerier_Nona,45,75
BeeBeeKins,115,35
heehee6785,150,60
gamerDNA,118,45
LoveIsMyDrug13,145,60
xLeanne88x,156,105
lauraliee,0,75
karasukun,42,60
GofGHamptons,0,45
laprintemp,115,57
eekerangel,312,45
reneekychin,143,35
desih,0,35
rikkila,193,45
broadout,300,35
DenisGobo,87,35
AllyBeretta,228,45
BeverlySchmitt,70,35
jlennick,103,45
AwesomeAsh16,248,60
TheADDHousewife,121,35
pokopoko14,146,75
Nessricho,80,35
J2theLO1983,87,35
ineedyoux33,0,35
christiespace,0,35
djyounglegend,250,60
LiveEventsSW,42,35
GBonic,0,35
NikkyNik,120,45
Riarocco,125,60
LindaRas,200,75
robsessedfreak,0,60
_JenYoung,214,35
wooweehotborger,120,35
InfoTwitts,250,45
Hannahlong62,225,68
BethRussell_,114,45
mandy__va,95,45
alexajaii,150,45
Cupkake83,150,45
JanaiChristian,87,45
gloriam,290,75
Court87,125,75
Azheva,183,35
Oicle,190,90
nightowl,199,35
blaidddrwg42,0,45
TweetsByJackie,152,60
liltina1088,0,45
break_it_down,0,75
Senator_Amidala,200,75
hedgekitty,147,45
jemilygreger,110,45
misses_C56,250,75
nato64,160,75
chanellecarver,260,75
NieceJanel,0,60
alliemariekang,105,75
MiSz_KaYla1025,166,77
lysslys,250,90
ShoaRiera,125,35
LaRosaLoca,300,35
tateoi,214,75
emilybaby0,69,45
your_tourniquet,135,45
lizziebeth,371,60
TheJuanGeck,143,45
s0LE_chaserr,464,45
jennandcamden,75,105
ebiez,76,83
silvergrrl,200,35
cattymelt,130,75
wisher558,0,45
courtneycurran,200,45
darcio90,35,60
fanie89,111,90
tomieblu,127,35
isajeep,230,35
dsackr,177,60
bebeTortoise,466,75
TersiaAnn,500,60
nielmc,250,45
libbyajoyce,70,60
BeccyN,50,65
Gurrusquieta8,67,45
damonselman11,110,60
officialomfj,80,45
LuLuIsSoSeXy,100,35
bucksly,85,35
Jertronic,185,45
cokelinerckstr,159,61
the_hotchick,241,84
KathyAustinXX,150,90
AiEi,106,60
caronmlindsay,82,35
elena_zarate,150,60
MCBFF,80,60
ludmil,66,60
jesica628,99999999,60
Beckssssxo,105,75
lilmissviss,200,60
thatgirlmystic,39,75
Panigg,315,45
James_Phelps,115,35
Maria_Who_,100,60
MaLo8,120,75
Jo_AnnPT,65,75
MssThang,150,45
passionspank,0,45
megcrump,155,45
waterdesign,350,90
ObsessedJess,216,60
XrisThomas,61,75
joelsjokekids,0,60
MizLiz_MD,0,60
YorickPeterse,0,45
ae929,78,45
30STM_Denalie,212,90
selarp,215,60
Cupcakee89,0,60
CaroleLombard,115,75
_Francisco,125,75
The_Butler1,209,75
lovekelli,157,51
imogenannex3,207,35
marleygalDC,113,75
MarkusLange,205,45
sydney8842,300,75
PathwaysAcupunc,81,35
JillyBooJiggs,50,60
lasyonecolby,159,75
EuniceGarcia,0,35
sydnastys,271,90
krayzboy,175,35
Smctavz,110,45
kelleychaves,110,60
regulus4,128,45
misshighyellow,208,45
krissychica,168,45
heartsong84,0,45
lksoccer11nd,110,45
OliviaWike,0,75
nanyate,0,45
hawkmistress,114,60
GarethJD,174,90
Nmber1Trojanfan,300,90
oliviagreen80s,107,75
christinewhitee,101,60
virtualmv,40,60
johjak,180,75
TheDarkestBluex,100,75
mak3up101,108,35
Cisklager,222,45
ashdenee,300,75
FraIsDanger,240,105
Miss_Cyn_C,100,60
excusemeofficer,0,75
esarakaitis,230,60
daneth86,60,45
Cheyenetastic,102,45
Cuteandunusual,160,60
billyrbishop,220,35
nanaBABiiEx3,75,75
namastebyday,355,60
JulianRCrump,55,35
scottrutherford,149,60
HeyEM,104,35
KSiddall,131,35
Sk898,0,35
chiara16,100,35
mlisaoverdrive,106,45
Hoops_24,175,75
OrmoatNormo,140,60
sarah2303,69,45
DigitalDan,104,45
jennjenn23,57,41
karinaislatinka,170,92
Natsfavsibiling,133,75
jesell,168,35
chellemcb,115,35
Romaniangirl,180,108
Cutie_94,58,45
Clairycontrary,145,90
rain_nations,0,35
markj86,148,90
jdwolfcale,400,75
Mielie_RSA,115,35
tehwexxl0rz,400,60
telamero,325,45
Hhoney25,100,35
misspid,148,35
jasonashley,142,35
kimeros,78,35
alissamarie_,0,60
a_na_id,275,90
ravenclawdancer,450,75
tiijanaaxo,155,60
SonyaAnamaria,195,90
SoStylishJ,90,90
Ridley_16,293,45
kfoshizzle,154,105
OniPress,235,35
westmoreland02,200,75
istanley,190,45
avastantivirus,110,35
crackberrista,62,60
Pookah,58,35
maedchenmitherz,125,90
katieschings86,94,60
jamieleev,166,90
jessicaaa7,300,90
Beadsbylili,0,35
Angel2266,315,75
WienerBites,75,35
kapilpoojari,350,60
LatoyaHarvey,145,45
vthai61,150,45
swiss03,25,35
chelsealynne,152,75
realmlovejoy,83,35
mas90,120,75
SeanySHEEEP,54,35
JustBanana,230,75
oliviahayess,190,45
maricartamayo,231,45
henkaku,84,60
Carrie_owen_182,113,35
s00zee,68,60
brennnessel,292,119
trinaBcom,77,75
lazy_cookie,209,75
kaetee,208,45
RatedArt,220,45
Steel_Ketchup89,250,75
sacocodagreat,157,45
eatyourbarley,180,135
LeapingBear,200,60
_eyce,250,90
kkatiee,0,75
lydialicious,205,60
AnnaHakes,125,60
lenzor,0,35
geoff_K_taylor,71,75
pazzkina84,250,35
Joycicle78,254,75
stacy4885,170,90
scorpion032,113,45
Juleses,218,35
dorky_lovely,161,35
xantus,142,60
nessawilmore,191,75
heebiejay,170,45
GordianZ,154,75
ktbsbpa,210,45
savannahmaee,77,35
nyeenong,70,75
BohemianPixel,158,35
brandonjschmidt,245,45
saradigre,500,75
taek,148,35
justineology,275,75
BillyJack2,90,45
anamlopes,188,45
JustDanceIt,120,45
BreadSU09,280,75
christianhanks,500,75
MauReen_Gee,168,105
Marketing_Tip,254,90
philip1997,225,60
GarmonEstes,115,45
omgsmg,0,35
cazzwright,100,70
phr0z3n,266,60
jojostevens,184,60
miley96miley,50,35
TarPlo,119,60
AliciaSpaling,160,75
jestyr7,171,45
lilyluftnagle,233,60
_s_a_r_a_89_,200,55
beckyroberts93,0,45
carolynstrong,60,60
CheckOutFM,0,60
pruet,227,35
ahousley,80,60
beat_road,373,112
shaniquashay,200,45
Sexualage,200,80
APassionFor,178,35
EfferVaCious,160,45
tezib,215,75
Kettner,42,64
queennightmare,157,60
raachel087,110,35
katelynschaich,220,60
bareilles,178,60
ridestar007,200,45
Bellapuff,146,90
Countryygirll,110,90
texello,260,60
adidevia,100,60
TeacherLink,132,45
SHAYDENISE,0,60
AlissaMaeBlizza,215,35
kahunatrader,150,60
ecotist,85,35
ljcoz,46,75
NeeNee615,130,60
jensosillee,195,60
ruina,187,35
Cavalorn,290,75
thegarebear,200,75
erinmichelle89,231,75
sh3zhollywood,126,35
ShamiraJohnson,0,35
JessPanic,230,45
caitlinebrown,110,45
flexliv,400,90
jessicahutson,210,90
Kikla93,189,94
shehulk123,42,45
Merlyn671,99999999,35
markgamboa,234,45
JonKnightFan,288,89
aplofuri,25,35
CPM87,88,45
pame_42,0,75
LightningZap,79,60
CrimeOfLove,192,75
greenmill001,150,60
renxaimee,150,45
timdean92,0,60
emily__smith,50,75
iliananana,76,75
ascheurer,157,60
wendyy612,73,60
muttmoxie,320,60
Happy4Energy,230,60
Runningsunshine,107,90
Olivia_Woods,70,60
alisohani,87,35
StuartDGray,0,75
LaLa212121,50,60
ItsAmity,85,60
Ilana94,208,120
aquaticgal02,250,75
KayTeaKupCake,189,45
oobermann,233,35
AmzAngel12,50,90
queenb310,100,35
LilyDeLonge182,394,35
jamesmills,72,45
TheGoddessHath,6,60
squirms,50,45
makeesha,220,75
GoziAD,340,60
20YearBillions,0,45
carrieann,0,45
ShotgunTribunal,210,90
Filipa_M,0,45
Tweecey,250,90
YoungakaBoo,140,35
HilarySurface,0,35
mydeco,99,75
funsyzejas,129,90
mrspetite,74,45
Salitaya,99999999,75
katelynlarese,90,35
kovavra,176,45
KSCB92,330,35
Dotsworld,95,35
aparnap,155,60
JoyHaynes,109,45
johnhuynh9,158,75
mobiletek,0,75
Kurana4390e,200,75
Lenyon,107,60
heldincontempt,100,45
StephanGuajardo,40,45
Breeann1,40,35
TonyLStone,195,45
MissVickey73,126,35
AshNight,0,35
jonnieboyy,0,90
Corwin1969,65,45
carissarose_,100,75
yakamovich,830,60
pamparish,80,60
thejohnman,135,75
sarahaslocum,300,75
iluvjosephj,130,45
FilmBunny13,74,35
cheryldoherty,61,35
twittIR23,128,35
carmenwalter,150,75
ShaButton,128,35
superfuzz,695,60
purrrple_pixie,105,35
Kresta_Lorraine,81,35
EmmaOReilly1,190,60
Kratmand,345,35
FoxieMoxieJewel,58,35
ecortessr,178,60
twiggatwitches,100,60
Kni8R1d3R,100,60
onpurpose,314,45
teebabyyy75,107,60
silvernatasha,250,120
tegels,153,45
courtneyclyde,108,35
Tamsinregan,81,45
Jobernal24,52,35
mclifford82,0,75
skylared06,60,35
jbfan101candy,200,75
Jamiejennice,150,45
gstarene,230,60
iplaygod,0,45
SamuelHK,500,90
faithreaves,115,45
Strawberrycris,0,35
billcawley,0,60
PNWCC,60,51
theimperfecta,280,105
tarintino07,213,35
xxRebeccaxx,138,60
luvuwil,224,35
giuliab_,285,75
30SecondsOfFame,223,45
nataliefan08,63,35
pietrochocko,120,102
Russ59,22,37
M1SNL,93,60
AshleyJablow,207,81
Golfing_GM,35,60
Caronaranjo,190,75
Sophieee1993,103,45
Angheat,157,45
kikilupo,125,90
Toria_B,113,45
alidgaf,175,93
M0NIE,905,90
KittyCaterina,220,45
lightrailblog,111,75
DNiego,137,45
Vicki_Parker,310,60
tamialine,225,60
Calamachino,99999999,60
Jen1992,150,45
nekomeow,82,60
JulesQuinn,250,75
mstiefan,162,60
DreamKeeper21,107,60
LoganOlfson,115,75
loliinha,246,60
marterenee,150,45
StephanieSelman,0,60
paulhaynes,0,75
thegulagula,175,90
TheRosette,459,60
YouGrowWildS,428,60
carolinekristek,140,45
reesouzaa,100,60
michhee,285,60
webduniya,150,60
AndyBic,150,45
Gittsy,180,60
cheyennebarton,192,75
TodayTrader,150,45
julie_daniel,700,35
Amburre,260,75
Scrumrabbit,142,35
tjzelick,300,60
skkumar92,99999999,135
BLBROOKE,142,90
CGBeth09,100,35
det_girl,0,60
Gazelleqc,270,45
RahulSEO,0,75
noangeldharma,80,35
quantumgroove,201,35
Rehina1,0,60
Kaschua,130,75
manilaspice,800,75
lanibelle19,150,105
towittertoo,52,50
thelokat,0,60
Go50,250,35
Cola_Bits,92,35
Becko7,88,35
menoedh,0,45
kellyu,95,35
kdshoe,225,45
DiskoxDoll,275,90
Abstrakt1,67,75
therealesquire,500,95
BeeeLo,100,35
bluetickgallery,225,35
HannahAudrey,0,60
seant26,123,35
ConnorVolturi,264,45
OMGDanishere,240,69
coledevault,178,45
xJoshsMummyx,105,45
LClaurencook,0,35
KristinKimberly,133,45
gmt_HEAVEN,0,45
tiffanynicole_,0,60
Fairy_Beth,321,90
triciaferrer,90,45
lburnam5,100,75
Falchyouuu,145,45
sweetchichi77,75,35
TrishaCyrus,58,35
Bozzy74,700,90
Majdkhasawneh,140,60
daniellepdx,500,75
Kuulei,300,105
aaronposehn,100,75
sammangubat,128,45
Davidkotcher,250,35
Miss_MariaS,140,90
danajade1985,41,90
S_Cheeks,136,45
d3zza,300,75
CaitlinnnnP,0,35
Shazambatman,300,45
ShiningStar86,178,45
patsycline27,200,45
girlymichelle,80,75
Teri0542,100,45
ashleymarion,250,70
JaysonShawver,352,35
JTweeterChang,90,90
barbedwyer,150,60
ariellenixon,63,41
coffeeOnline,88,45
64ORD,245,60
etiquetterealty,230,105
ndlambchop,100,100
raphaelstrada,0,90
aliserastronaut,450,35
jrcook410,428,75
Endreva,45,45
RezinhaL,150,35
AshluvsKevo,150,35
Sithy76,857,45
educ8edfool,346,60
ang1987,380,60
PJDilley,200,75
IslandPulse,103,60
Ray_Hay,169,60
FrankiiMatz,100,45
mkt1217,642,75
MzPrettyKeKe,0,45
ashleyrobinson3,100,45
jbeeby,171,60
musicalmegano,0,35
R1SoftCDPbackup,300,60
adamschoales,92,35
WillVickers,83,68
adamzadok,0,35
sweetth1ng,101,75
MiaPruitt,0,60
candi_trendii,0,35
CaressLepore,250,60
kaheainthecity,555,60
sygon36,0,60
socialwendy,183,35
tobyeden,390,60
media_hobbit,93,45
KristinaAllison,531,105
Courtney_333,60,60
yogsototh,151,105
PhilipMansour,100,75
hairbonbon,50,35
NoraMJ,0,75
blindfile,166,75
Grahaminoz,100,60
gorkabear,320,35
ATLFTSK,178,75
darklord2020,230,35
DivorceProposal,294,35
karissajonasfan,214,35
JJ27,107,35
arzleb,250,45
Klipscomb20,125,60
mikejarrell,185,45
petercarbonaro,300,60
fruchtprickler,0,35
laylajonas,364,75
Scarred_Star,0,35
ShaundineLea,212,35
justbreatheme,99999999,180
jespern,100,35
andrea_ramos,430,45
barbedtequila,200,35
lovelyblogger,150,90
kevintuk,210,90
SavvyOutenMusic,0,35
dlaube,0,35
danielfiguero,53,35
mrtk421,250,45
JT93,0,35
Josh329,0,35
bobbyloney,186,60
fattyale,400,60
SHHHMiCKLE,491,75
RyanH1127,0,45
xocarolime,183,53
elisamichieli,0,45
samijo_silva,250,75
miriamol,120,72
fossilbiker,99999999,60
teresaaguila,200,45
Vegtor,250,45
mxs218glr,0,60
Corrupted_Smile,195,35
DayGee,350,90
gritz99,500,45
bdeng,0,45
padilha182,99999999,35
duendesonriente,19,35
Fitness_PT,72,75
glossymomma,103,60
ortegaalfredo,0,45
juniaufscar,211,60
FemLila,109,60
Xsam16X,99999999,35
gagirl2288,69,90
kmcconaughy,0,35
triinvp,93,35
s0phistiicat3d,90,60
edmidi,60,75
prvb3110wmn,111,60
krissydb7,26,45
fatima012,0,35
Dunteman,144,60
kirstenogden,92,60
chiachen212,99999999,35
hagelschaden,73,35
PuppyPrincess,180,45
Martinsyversen,0,60
jupit3r_grrl,350,45
JohnnyCue,0,35
cutiepie16,0,35
ainalar,0,75
KDK8,337,35
maroph,290,75
JoanneRoberts_x,58,41
jeanniekraus,200,60
xjhe,66,45
Jeleon_Dijon,50,40
MrsAnthony337,99999999,45
BellyButton88,102,45
KatieCorrigan,318,35
itzelDcullen,292,45
CityRunningTour,92,54
A2Z,0,75
lolalopezusa,0,60
arandomfemale,85,35
kboogs,99999999,45
sflvxx,150,75
herestheemokid,175,35
sepaulus,69,35
snowfreak,124,45
Thomassssssss,0,60
Random_Brunette,250,70
TwistedThicket,100,60
